Tahun,Skenario_Ekonomi,Kecamatan,Kelurahan,Jumlah_Penduduk,Kepadatan_Penduduk,Persentase_Usia_Produktif,Rata_Rata_Pendapatan,Jumlah_UMKM_Kuliner,Jumlah_UMKM_Jasa,Jumlah_UMKM_Retail,Jumlah_Coffee_Shop,Jumlah_Laundry,Jumlah_Sekolah_Kampus,Jumlah_Fasilitas_Kesehatan,Jumlah_Bank_ATM,Skor_Aksesibilitas,Indeks_Harga_Properti,Volume_Lalu_Lintas_Harian,Latitude,Longitude
2023,Normal,Banjarsari,Kadipiro,28654,4860,63.67,6268307,91,70,50,38,28,2,6,1,8,93,3433,-7.537829169154024,110.82219269708852
2023,Normal,Banjarsari,Nusukan,10311,10420,72.35,3603355,77,31,118,48,63,9,12,15,3,93,2267,-7.552098570478707,110.82538622043897
2023,Normal,Banjarsari,Gilingan,22912,7556,72.15,5870690,40,82,196,17,8,24,12,13,2,58,24897,-7.550271208909605,110.82015186410084
2023,Normal,Banjarsari,Setabelan,7612,19787,69.9,5325665,194,44,235,16,40,17,8,3,2,55,44573,-7.56951180938846,110.82341280023529
2023,Normal,Banjarsari,Kestalan,18417,11989,60.63,4863715,165,99,73,33,66,3,14,15,8,63,26851,-7.563096003994509,110.82894296360243
2023,Normal,Banjarsari,Keprabon,6016,12529,70.79,4507293,43,35,246,44,45,14,13,0,9,56,3568,-7.570572970824445,110.8283794037442
2023,Normal,Banjarsari,Timuran,26847,6027,65.87,5004384,82,20,110,7,39,2,1,4,7,90,23662,-7.565439153186584,110.82060485830542
2023,Normal,Banjarsari,Ketelan,13392,17067,66.62,4579111,67,32,91,23,41,2,12,7,6,76,43530,-7.565225814843317,110.82269318244283
2023,Normal,Banjarsari,Punggawan,10056,18948,79.43,3991234,150,10,34,25,18,6,11,8,3,81,42523,-7.563727886647368,110.82135591471258
2023,Normal,Banjarsari,Mangkubumen,26500,18820,64.99,6756415,162,52,58,35,17,6,11,18,6,77,44585,-7.5664990505152545,110.82408616482473
2023,Normal,Banjarsari,Banyuanyar,15921,13789,72.67,5661196,153,37,57,43,48,19,14,10,7,77,22976,-7.571272911292097,110.82825494974281
2023,Normal,Banjarsari,Sumber,16494,5306,68.54,5984413,135,86,32,38,31,8,14,4,1,91,1663,-7.571089495605705,110.82739183628851
2023,Normal,Banjarsari,Banjarsari,6998,21879,74.06,4884250,132,71,215,11,43,1,3,16,5,98,28728,-7.570339998315244,110.82142129296341
2023,Normal,Banjarsari,Joglo,22082,8737,68.22,4313168,106,10,176,1,57,11,10,5,7,53,33970,-7.565020976864375,110.82215395944547
2023,Normal,Banjarsari,Manahan,16447,16688,74.56,4929626,43,78,145,33,15,15,1,8,6,65,16708,-7.570952928207604,110.82738765767957
2023,Normal,Banjarsari,Kepatihan Kulon,22043,18243,60.33,6779611,166,29,125,6,56,8,1,7,7,67,12111,-7.562768825301257,110.82630251114021
2023,Normal,Banjarsari,Kepatihan Wetan,9736,12120,62.27,4556731,170,40,71,34,11,15,10,15,9,98,3049,-7.570770483535282,110.82453903997686
2023,Normal,Jebres,Jebres,10423,11158,66.78,5972189,118,28,77,15,7,19,8,0,8,60,33711,-7.558303398090136,110.85080599179422
2023,Normal,Jebres,Mojosongo,10539,19586,67.45,4001157,118,34,122,17,58,2,13,8,4,82,39467,-7.539079112127258,110.83940040632999
2023,Normal,Jebres,Pucangsawit,28328,7987,67.33,6633837,155,16,224,16,37,15,12,18,6,71,7893,-7.565556905111892,110.82551160068162
2023,Normal,Jebres,Jagalan,23077,18565,67.86,5021701,27,36,56,33,25,0,12,14,1,54,28643,-7.567467079065704,110.82641605762119
2023,Normal,Jebres,Sewu,12996,16946,71.44,4229903,68,26,201,27,34,13,5,5,3,90,34828,-7.565903924250241,110.82222709692229
2023,Normal,Jebres,Gandekan,23711,4301,79.33,6387004,118,69,145,20,36,22,1,2,2,74,33745,-7.565730916618624,110.82556180453855
2023,Normal,Jebres,Sudiroprajan,27238,4569,78.6,5489173,193,33,143,31,51,21,7,1,2,75,1784,-7.5643332100597105,110.8231027870032
2023,Normal,Jebres,Tegalharjo,13096,16533,67.19,4941578,189,35,128,49,29,23,13,6,9,85,5780,-7.56701231958649,110.82555538241752
2023,Normal,Jebres,Purwodiningratan,7368,10655,67.94,6199015,161,85,144,22,19,1,2,18,9,71,32289,-7.567338594994412,110.82491858915597
2023,Normal,Jebres,Kepatihan,28893,13907,60.78,4579600,34,63,217,36,12,20,12,11,5,88,22699,-7.567231890661616,110.827643580015
2023,Normal,Laweyan,Laweyan,26253,8142,73.99,3689407,187,61,173,12,34,18,1,18,7,75,26316,-7.56324057694688,110.82609758482418
2023,Normal,Laweyan,Pajang,13308,5150,73.92,6913821,148,67,151,0,38,21,9,7,5,50,4343,-7.570403639996591,110.7872312162613
2023,Normal,Laweyan,Sondekan,18500,13662,68.71,6043590,112,76,105,25,20,18,5,13,5,96,14296,-7.568348570416174,110.82554580834034
2023,Normal,Laweyan,Karangasem,23525,15151,61.96,3578781,195,94,68,35,37,4,7,9,6,54,32843,-7.5670066980143895,110.82086442489367
2023,Normal,Laweyan,Jajar,7849,11390,60.31,4150419,166,67,125,0,8,15,8,15,7,51,30168,-7.565138432299332,110.82230675665527
2023,Normal,Laweyan,Kerten,21347,4851,71.51,6998879,197,44,153,32,37,18,11,4,3,50,39304,-7.56546291184081,110.82378683461845
2023,Normal,Laweyan,Penumping,18479,21450,63.92,3831593,160,21,124,45,6,18,2,2,7,66,29761,-7.568271821691133,110.8236846427545
2023,Normal,Laweyan,Sriwedari,28132,19305,60.47,4138873,181,16,225,49,33,23,4,3,5,58,36735,-7.570128832455269,110.8261678463268
2023,Normal,Laweyan,Purwosari,19527,20048,74.63,6632130,55,91,125,23,27,4,12,16,7,62,44286,-7.558522936654344,110.80534522594358
2023,Normal,Laweyan,Bumi,19552,17584,70.69,6011720,103,98,115,12,63,18,1,3,9,68,37939,-7.570354220394864,110.82847796057702
2023,Normal,Laweyan,Panularan,9360,21101,73.54,6704891,71,92,140,15,16,24,4,3,5,72,2167,-7.565435872052797,110.8195514164053
2023,Normal,Pasar Kliwon,Pasar Kliwon,6062,15174,79.92,5156940,141,14,192,22,22,14,12,8,1,87,2542,-7.565378706660368,110.82536536735107
2023,Normal,Pasar Kliwon,Gajahan,26677,21575,61.46,6823532,197,36,151,1,9,4,6,18,8,97,43348,-7.566946920537822,110.82460106355872
2023,Normal,Pasar Kliwon,Mojo,22749,11494,79.72,4786643,151,45,99,30,23,11,6,6,3,88,16485,-7.564119748221962,110.86177158572775
2023,Normal,Pasar Kliwon,Joyosuran,16714,8748,68.1,6731916,145,67,177,27,65,8,7,0,3,62,15683,-7.582557575062523,110.8312587779068
2023,Normal,Pasar Kliwon,Semanggi,5504,4823,70.57,4255195,136,15,87,43,49,12,13,14,5,65,28509,-7.5911589698866555,110.83900409596993
2023,Normal,Pasar Kliwon,Sangkrah,16003,17843,61.51,5881028,66,58,43,14,35,0,5,2,7,60,14323,-7.57446074542715,110.83554564666078
2023,Normal,Pasar Kliwon,Kedung Lumbu,6353,15023,77.81,4428479,171,37,146,7,40,7,10,17,5,90,5835,-7.569984087579573,110.82831179423266
2023,Normal,Pasar Kliwon,Baluwarti,25159,18837,60.65,3997562,180,93,234,27,33,12,14,2,6,67,5804,-7.570524422551704,110.82603987985476
2023,Normal,Pasar Kliwon,Kauman,23222,4009,78.65,4493176,128,14,148,32,69,17,1,10,5,75,5158,-7.564228835131317,110.81956618378632
2023,Normal,Pasar Kliwon,Kampung Baru,25309,10938,71.38,3769114,180,10,178,47,59,5,12,16,5,80,10860,-7.56261880113125,110.8291862007112
2023,Normal,Serengan,Serengan,10989,21844,71.7,3842786,72,46,231,9,21,20,14,8,1,94,18100,-7.562460478893006,110.82506765504822
2023,Normal,Serengan,Tipes,29323,8544,73.43,4046237,51,43,121,30,43,1,6,2,2,61,43944,-7.576948218749484,110.81445754674479
2023,Normal,Serengan,Jayengan,22461,12580,61.77,4360395,76,26,141,46,27,14,5,13,2,60,16781,-7.568747169118529,110.82794411171275
2023,Normal,Serengan,Kratonan,18051,13521,71.8,3506949,49,88,120,33,56,24,6,0,8,64,5637,-7.564172589254148,110.8226206011122
2023,Normal,Serengan,Kemlayan,9854,14320,78.99,4207689,151,19,213,16,21,19,8,4,2,55,15388,-7.564389820131082,110.82208394247974
2023,Normal,Serengan,Danukusuman,10569,10269,72.67,6191276,134,32,212,15,20,7,4,7,4,74,19271,-7.56532044308048,110.82666819392492
2023,Normal,Serengan,Joyotakan,8266,8188,79.46,6023802,80,60,176,20,9,17,12,9,6,70,40749,-7.566286612954417,110.8215239583622
2023,High Growth,Banjarsari,Kadipiro,11944,14160,70.07,6032387,64,36,102,25,51,24,6,14,8,79,46162,-7.5377643457088945,110.82656612652556
2023,High Growth,Banjarsari,Nusukan,25475,8432,65.54,5176028,20,17,142,34,56,14,8,13,7,63,45247,-7.548962419461644,110.82307352424898
2023,High Growth,Banjarsari,Gilingan,21782,10809,60.73,5481718,75,16,32,46,27,13,11,14,2,87,40650,-7.55324882460853,110.82050035822924
2023,High Growth,Banjarsari,Setabelan,7251,17503,65.38,4951277,47,83,68,16,48,24,1,12,4,74,43563,-7.563806992350468,110.82731902169235
2023,High Growth,Banjarsari,Kestalan,13189,20616,69.97,4165360,130,95,63,46,12,7,1,11,3,91,36240,-7.571367632947661,110.82926434390792
2023,High Growth,Banjarsari,Keprabon,25329,19679,71.42,5521413,78,79,150,32,57,21,5,5,6,97,28139,-7.569973139242383,110.82105953968053
2023,High Growth,Banjarsari,Timuran,17443,14589,63.47,3871570,74,18,160,30,44,4,4,5,2,69,15043,-7.570936528764632,110.82722747058982
2023,High Growth,Banjarsari,Ketelan,31057,12837,79.5,5556413,113,60,91,1,12,18,13,11,5,55,31105,-7.564856544477065,110.82602314245389
2023,High Growth,Banjarsari,Punggawan,15049,20608,74.72,3742539,159,56,30,25,18,5,5,10,4,62,48362,-7.570518871963516,110.82540300711662
2023,High Growth,Banjarsari,Mangkubumen,26384,16977,69.09,4080221,24,32,167,43,6,12,8,1,4,50,2342,-7.562847959454187,110.82222254096475
2023,High Growth,Banjarsari,Banyuanyar,16346,18231,72.12,5759560,182,58,98,43,54,13,5,10,9,83,20019,-7.56557855361656,110.82366576515417
2023,High Growth,Banjarsari,Sumber,13820,9415,74.43,4080923,79,73,122,7,15,8,5,13,3,70,16524,-7.564369971255743,110.8206602157113
2023,High Growth,Banjarsari,Banjarsari,25496,4077,70.46,4388254,151,98,71,24,22,7,8,6,8,63,40711,-7.568853271294352,110.82485939475004
2023,High Growth,Banjarsari,Joglo,17801,10565,70.8,4027258,82,24,182,16,57,7,8,18,7,55,28202,-7.567469371952261,110.82387869342226
2023,High Growth,Banjarsari,Manahan,23715,19374,77.57,5290531,52,36,193,28,42,24,1,4,7,82,39141,-7.566693733790947,110.82661759267828
2023,High Growth,Banjarsari,Kepatihan Kulon,7605,8612,77.54,6172241,116,47,170,30,51,3,13,19,8,64,36996,-7.5690487016249,110.82460688849363
2023,High Growth,Banjarsari,Kepatihan Wetan,26358,18382,68.18,5945020,192,11,184,30,40,3,10,10,5,69,13298,-7.564656144540313,110.81949640970372
2023,High Growth,Jebres,Jebres,20110,14789,64.55,6955274,42,56,119,45,16,12,8,17,9,82,27215,-7.559957756643871,110.85155224470336
2023,High Growth,Jebres,Mojosongo,6118,11147,71.3,4529424,87,14,149,36,35,8,6,18,8,90,4797,-7.545471224250423,110.8412416941183
2023,High Growth,Jebres,Pucangsawit,21119,5792,62.26,6579541,168,99,139,35,58,22,9,0,6,89,3708,-7.5628215554276315,110.82060823480741
2023,High Growth,Jebres,Jagalan,17528,13524,66.7,4009328,199,66,146,25,45,2,4,10,6,51,9070,-7.56774293012893,110.82804319386636
2023,High Growth,Jebres,Sewu,14349,7600,71.74,4561402,127,60,211,23,29,6,4,5,5,73,47240,-7.567518267179805,110.82908256245278
2023,High Growth,Jebres,Gandekan,29089,8757,64.4,4677384,133,94,78,6,53,19,6,7,1,56,10984,-7.567948574849188,110.82920576212322
2023,High Growth,Jebres,Sudiroprajan,7096,13181,75.0,6697534,142,65,240,31,34,16,13,15,8,68,19449,-7.566433680637132,110.82256581003573
2023,High Growth,Jebres,Tegalharjo,6056,9490,69.07,4292783,132,47,208,3,5,7,13,6,3,81,38641,-7.562451784281517,110.8251449010778
2023,High Growth,Jebres,Purwodiningratan,6805,18422,79.58,5681168,51,59,164,28,12,0,9,2,8,72,11682,-7.56853494193465,110.82303333605726
2023,High Growth,Jebres,Kepatihan,22449,7300,63.57,5129013,116,17,191,34,36,23,14,10,4,86,22389,-7.562081577518639,110.81931974963894
2023,High Growth,Laweyan,Laweyan,21073,21327,61.74,7047690,93,16,190,22,23,15,13,18,4,78,32419,-7.569569640068937,110.82852120531442
2023,High Growth,Laweyan,Pajang,26839,14112,76.35,4097017,167,20,159,2,16,19,5,4,6,79,46960,-7.577535144313458,110.78898288801001
2023,High Growth,Laweyan,Sondekan,12687,15093,75.6,7104722,100,83,187,45,18,8,8,1,9,88,24752,-7.570370970106932,110.81972424487115
2023,High Growth,Laweyan,Karangasem,28624,12633,78.01,6033204,117,96,66,10,22,20,10,3,9,87,27657,-7.5703235574274785,110.82096506424581
2023,High Growth,Laweyan,Jajar,12793,16875,64.13,3914929,125,95,242,26,61,5,11,7,2,61,47828,-7.56889708205839,110.82894341164021
2023,High Growth,Laweyan,Kerten,28896,12646,71.47,4275822,164,35,242,27,66,13,2,10,1,85,22874,-7.569377803888567,110.82697703727615
2023,High Growth,Laweyan,Penumping,18985,10819,74.38,6487878,58,63,127,46,28,21,6,4,8,82,41483,-7.5715001617106905,110.82513412855273
2023,High Growth,Laweyan,Sriwedari,14639,19826,71.9,6134136,100,71,138,42,30,1,5,8,9,89,38904,-7.571337093920404,110.82404391742652
2023,High Growth,Laweyan,Purwosari,28501,4060,73.77,5362215,61,34,68,34,7,17,5,11,3,79,21581,-7.562505691626356,110.80328026876852
2023,High Growth,Laweyan,Bumi,29812,20314,78.35,6176464,36,83,86,48,51,11,14,15,8,68,6895,-7.566762457962901,110.8247410868988
2023,High Growth,Laweyan,Panularan,18116,5750,74.48,4787916,44,91,118,11,19,8,13,14,7,66,13182,-7.568523907695326,110.82913493079278
2023,High Growth,Pasar Kliwon,Pasar Kliwon,28661,20774,60.68,6211350,136,16,166,47,63,22,13,17,4,88,20426,-7.569618162471513,110.82354450232138
2023,High Growth,Pasar Kliwon,Gajahan,9971,4614,60.74,7239801,178,33,137,44,7,4,11,7,7,72,13651,-7.564940223939341,110.82820611581805
2023,High Growth,Pasar Kliwon,Mojo,13891,10640,70.77,4874779,172,22,239,32,20,12,10,11,2,84,1545,-7.563463562575736,110.85788441848077
2023,High Growth,Pasar Kliwon,Joyosuran,9813,13996,70.58,6733664,179,48,75,28,66,16,13,11,9,65,20895,-7.588139029461299,110.82783710738845
2023,High Growth,Pasar Kliwon,Semanggi,24312,14616,75.37,6764299,172,93,162,0,53,2,13,13,8,79,35801,-7.588770244237564,110.83861990108136
2023,High Growth,Pasar Kliwon,Sangkrah,29243,18269,71.78,6874947,195,74,210,45,19,16,9,3,5,86,42898,-7.575658352137248,110.83817415845877
2023,High Growth,Pasar Kliwon,Kedung Lumbu,10295,12202,78.07,4631313,172,80,81,3,63,7,4,18,2,75,18320,-7.569381118662613,110.82636414013734
2023,High Growth,Pasar Kliwon,Baluwarti,16532,18199,67.0,4971962,24,63,76,22,53,8,3,19,1,91,19850,-7.565669232342748,110.82903460948592
2023,High Growth,Pasar Kliwon,Kauman,30130,11906,64.49,6270758,139,98,102,3,18,4,2,10,9,52,44642,-7.566670270428892,110.8249872307909
2023,High Growth,Pasar Kliwon,Kampung Baru,23732,17774,73.1,6260746,24,20,216,33,42,7,11,4,2,55,41996,-7.56298083562965,110.82816356490049
2023,High Growth,Serengan,Serengan,15648,12987,61.52,6568308,100,49,74,31,66,18,10,2,8,89,31561,-7.566497508037615,110.82731456902775
2023,High Growth,Serengan,Tipes,11742,5312,77.57,5038179,166,89,197,27,63,15,9,12,9,91,21670,-7.57589542579131,110.81166019829345
2023,High Growth,Serengan,Jayengan,9174,20106,79.23,7118232,50,32,199,9,36,10,5,6,2,85,49845,-7.56583327358643,110.82657495528908
2023,High Growth,Serengan,Kratonan,5558,13882,79.62,7057513,36,69,221,23,39,15,6,18,7,59,22736,-7.562117234316329,110.82041606312643
2023,High Growth,Serengan,Kemlayan,15160,5435,72.65,4927575,56,31,225,19,68,16,12,16,6,50,21953,-7.564347190851278,110.82027557552205
2023,High Growth,Serengan,Danukusuman,17202,8799,73.52,5673041,183,61,154,11,11,10,1,5,3,60,30241,-7.565604882292886,110.82540769814644
2023,High Growth,Serengan,Joyotakan,17641,17025,79.94,6990346,118,22,68,14,33,10,4,1,4,71,12722,-7.561965085386677,110.82012877161401
2023,Low Growth,Banjarsari,Kadipiro,25689,15645,63.02,6051591,111,30,76,15,63,19,6,18,9,54,6626,-7.53669204958166,110.81983064017936
2023,Low Growth,Banjarsari,Nusukan,11802,16155,74.49,5080471,181,70,192,48,29,23,12,17,8,95,6776,-7.545694289929184,110.82313915822488
2023,Low Growth,Banjarsari,Gilingan,8242,12711,75.42,4262099,193,59,228,2,68,11,5,2,4,95,1526,-7.5547068037769,110.82402826950091
2023,Low Growth,Banjarsari,Setabelan,7812,15536,72.15,4366592,103,18,195,47,64,21,6,1,8,57,30759,-7.5698252399054935,110.82468067222405
2023,Low Growth,Banjarsari,Kestalan,23913,8167,69.29,4004698,83,91,139,46,42,10,13,0,6,90,31087,-7.567833353720954,110.82723807064252
2023,Low Growth,Banjarsari,Keprabon,21053,7762,62.1,3480850,164,85,150,45,36,14,6,19,1,59,10127,-7.56819140609957,110.82459390054638
2023,Low Growth,Banjarsari,Timuran,26059,20385,70.68,6621075,177,42,106,25,26,6,2,5,7,75,11361,-7.564558204863251,110.82437864437209
2023,Low Growth,Banjarsari,Ketelan,20300,7041,60.82,3943835,191,58,133,10,65,2,11,5,9,55,27015,-7.569961547744862,110.82212649162962
2023,Low Growth,Banjarsari,Punggawan,5274,7911,74.28,3635673,81,93,91,46,11,10,4,15,4,55,28961,-7.570621071912491,110.82143045782281
2023,Low Growth,Banjarsari,Mangkubumen,20334,4894,72.87,4018022,60,69,135,13,16,22,12,12,9,94,18650,-7.562942280827436,110.82113354209606
2023,Low Growth,Banjarsari,Banyuanyar,23770,8780,63.64,5185705,138,62,212,31,55,11,2,5,2,68,1661,-7.570613247818753,110.82306505714736
2023,Low Growth,Banjarsari,Sumber,9161,6920,69.87,4304943,175,83,64,28,58,14,1,6,1,79,47804,-7.562419509978882,110.8237583034724
2023,Low Growth,Banjarsari,Banjarsari,20464,6071,68.51,5442721,23,29,217,23,54,16,3,8,4,83,23015,-7.568233655376248,110.82818955323337
2023,Low Growth,Banjarsari,Joglo,16152,15171,68.43,4860626,189,67,154,11,7,12,2,7,5,64,28490,-7.567571271436952,110.82543426367272
2023,Low Growth,Banjarsari,Manahan,23726,16765,63.59,3474905,191,23,107,1,41,4,6,12,9,96,33781,-7.5707054218101035,110.82739009913966
2023,Low Growth,Banjarsari,Kepatihan Kulon,9119,18296,73.25,4603477,89,26,152,24,32,1,3,4,5,50,22927,-7.5695018016514934,110.82272860925818
2023,Low Growth,Banjarsari,Kepatihan Wetan,24642,16588,64.74,3383298,50,20,39,2,18,15,10,9,9,50,7276,-7.569869195033652,110.82673603653384
2023,Low Growth,Jebres,Jebres,19603,14552,63.34,4717026,47,46,204,36,41,16,1,11,8,77,18774,-7.561445784551037,110.85149979095806
2023,Low Growth,Jebres,Mojosongo,6404,4619,70.8,5459206,167,87,159,8,41,19,10,0,7,84,21677,-7.541032392514736,110.84493940543292
2023,Low Growth,Jebres,Pucangsawit,14937,9178,66.32,4472649,198,87,41,41,24,20,2,10,2,74,24857,-7.569672748179702,110.82017440675207
2023,Low Growth,Jebres,Jagalan,19378,10638,70.43,5929396,170,53,67,19,27,12,4,15,2,91,18275,-7.569266820679254,110.82279667330627
2023,Low Growth,Jebres,Sewu,8996,14225,63.77,4436917,27,38,125,37,9,14,6,14,2,50,48414,-7.565329236842397,110.8229955802355
2023,Low Growth,Jebres,Gandekan,9726,19504,76.62,4460463,66,85,248,7,50,3,1,0,3,80,48055,-7.569868546778802,110.82555007421368
2023,Low Growth,Jebres,Sudiroprajan,18016,13519,73.02,4588716,109,71,249,1,68,5,9,0,9,74,46743,-7.562561882417109,110.82639380800651
2023,Low Growth,Jebres,Tegalharjo,11327,4488,62.18,3973439,117,13,131,18,17,8,7,18,1,73,41957,-7.564980513961152,110.8273297695624
2023,Low Growth,Jebres,Purwodiningratan,13312,7726,72.6,5924752,162,30,176,28,37,16,1,2,6,75,45298,-7.566126182301915,110.82311343391926
2023,Low Growth,Jebres,Kepatihan,11409,6989,70.01,5265681,104,35,101,47,32,20,13,11,5,83,12556,-7.570063838803584,110.82143908084748
2023,Low Growth,Laweyan,Laweyan,15734,15022,67.89,3867551,106,79,75,49,47,12,5,10,7,65,28764,-7.563990214068006,110.82425634223927
2023,Low Growth,Laweyan,Pajang,25295,12906,67.6,5603675,87,30,170,21,23,1,14,3,5,95,37378,-7.574778705818009,110.78944353391047
2023,Low Growth,Laweyan,Sondekan,14139,17467,70.78,4514474,163,45,187,17,6,16,13,3,9,79,35054,-7.563093605771612,110.8219674904262
2023,Low Growth,Laweyan,Karangasem,19674,19945,76.0,3491450,178,80,220,48,46,9,8,3,4,53,13149,-7.56527407432251,110.82919590242275
2023,Low Growth,Laweyan,Jajar,6458,13600,67.47,4626413,192,56,152,12,26,21,5,8,9,64,17393,-7.564165726796364,110.82697562410047
2023,Low Growth,Laweyan,Kerten,14836,13852,78.12,5042592,171,89,78,25,41,3,2,18,4,88,37041,-7.564436030611469,110.82163207587128
2023,Low Growth,Laweyan,Penumping,26964,9010,72.48,6624875,88,56,78,34,37,22,5,16,6,97,3852,-7.562885970839495,110.8250340533051
2023,Low Growth,Laweyan,Sriwedari,19963,4987,64.12,6401390,30,19,230,13,61,24,2,2,7,70,29482,-7.570124051364252,110.82256333190514
2023,Low Growth,Laweyan,Purwosari,26755,15543,62.57,6592792,38,77,247,37,46,6,13,13,4,89,47820,-7.560804590441728,110.80335742965394
2023,Low Growth,Laweyan,Bumi,16758,18210,68.02,3519228,116,79,198,38,17,16,12,1,5,93,37378,-7.568495940851512,110.8229505408583
2023,Low Growth,Laweyan,Panularan,8792,5735,73.02,5934785,63,67,32,21,6,22,12,1,6,66,10686,-7.568415141627807,110.82788906419995
2023,Low Growth,Pasar Kliwon,Pasar Kliwon,18153,4661,71.25,5617026,55,78,106,28,35,14,9,15,9,65,4083,-7.569107973939464,110.82272706626689
2023,Low Growth,Pasar Kliwon,Gajahan,17775,11123,69.5,6457057,49,32,121,39,9,19,8,11,1,79,33916,-7.567163818413667,110.82415727365253
2023,Low Growth,Pasar Kliwon,Mojo,17475,8895,62.55,5523471,35,85,67,33,18,3,1,17,2,90,36585,-7.557147476244124,110.85755032836738
2023,Low Growth,Pasar Kliwon,Joyosuran,19091,9299,65.59,3697529,173,77,239,5,39,21,11,14,6,86,25819,-7.582698782182344,110.8276113619252
2023,Low Growth,Pasar Kliwon,Semanggi,8651,16329,70.79,6158325,192,44,187,23,34,13,6,2,7,63,9264,-7.5847915175098075,110.84324457248138
2023,Low Growth,Pasar Kliwon,Sangkrah,16801,10721,63.08,5921787,182,91,235,19,14,24,2,0,4,80,6901,-7.577778107475958,110.83488987202738
2023,Low Growth,Pasar Kliwon,Kedung Lumbu,9421,18716,66.35,4266895,188,15,54,12,12,20,2,3,9,64,47659,-7.569067364711337,110.82624123136874
2023,Low Growth,Pasar Kliwon,Baluwarti,11723,11967,62.44,6186912,111,22,60,13,24,17,13,5,2,72,7610,-7.561613571494625,110.82750786574083
2023,Low Growth,Pasar Kliwon,Kauman,10858,17828,75.62,6600404,29,98,159,10,54,23,9,18,9,84,6448,-7.5675219084680405,110.82291423826297
2023,Low Growth,Pasar Kliwon,Kampung Baru,21434,13074,63.56,5531489,163,13,33,38,44,16,5,6,4,78,42779,-7.567654451746285,110.82926496634056
2023,Low Growth,Serengan,Serengan,5148,8517,68.52,6076195,82,72,91,34,11,21,14,6,5,71,4716,-7.570452852487484,110.82886955874645
2023,Low Growth,Serengan,Tipes,9006,10548,60.38,3384885,98,30,167,22,62,23,7,4,1,62,23740,-7.580342570654233,110.8089817563633
2023,Low Growth,Serengan,Jayengan,28326,20052,76.03,4926696,192,41,193,16,64,10,5,19,7,75,11749,-7.564340683114054,110.8252492917629
2023,Low Growth,Serengan,Kratonan,10285,8719,74.75,4967604,199,38,195,41,25,9,13,16,9,66,4191,-7.566285046884239,110.82188481862153
2023,Low Growth,Serengan,Kemlayan,5122,10272,76.18,5154266,67,38,126,9,62,7,5,10,7,83,29602,-7.570740016818806,110.82517098519052
2023,Low Growth,Serengan,Danukusuman,26840,20462,77.79,4966037,106,97,202,18,36,11,1,4,8,62,29758,-7.561966138441997,110.8225850101359
2023,Low Growth,Serengan,Joyotakan,8033,6711,60.71,6569877,167,30,87,30,15,19,3,6,3,77,29138,-7.565257907776348,110.81945943956437
2024,Normal,Banjarsari,Kadipiro,14243,14759,65.3,4211666,57,90,165,39,29,8,2,14,2,52,12824,-7.5449635382516655,110.82627276430964
2024,Normal,Banjarsari,Nusukan,23675,10979,75.49,6878256,188,98,151,49,14,20,4,11,8,51,34548,-7.551961890112123,110.81667329829197
2024,Normal,Banjarsari,Gilingan,15206,18686,70.42,5214173,51,20,39,14,21,7,2,8,9,89,39714,-7.555773398166303,110.8207613163937
2024,Normal,Banjarsari,Setabelan,26851,15889,78.86,6351409,177,93,242,43,36,18,14,16,8,70,13258,-7.570672775397047,110.82696402359498
2024,Normal,Banjarsari,Kestalan,27259,20422,76.93,3753426,194,27,178,12,25,7,14,7,7,72,15571,-7.564139157037799,110.82489587156378
2024,Normal,Banjarsari,Keprabon,15250,14773,70.79,6509372,32,91,31,28,56,17,3,11,6,92,28044,-7.56590356169655,110.81944160564768
2024,Normal,Banjarsari,Timuran,6858,12706,65.95,4707797,38,32,186,29,43,11,9,4,8,91,37495,-7.5624889186581115,110.8229766779956
2024,Normal,Banjarsari,Ketelan,28209,20898,79.84,5765344,123,73,135,33,14,20,14,6,2,90,3159,-7.566259074022025,110.81979237919869
2024,Normal,Banjarsari,Punggawan,10334,18933,76.96,6241135,77,63,41,16,18,24,2,19,3,80,6110,-7.563482011556658,110.82583890431616
2024,Normal,Banjarsari,Mangkubumen,27104,21508,62.49,6523584,130,13,49,9,28,21,3,4,6,70,14109,-7.567535602894029,110.82044565881884
2024,Normal,Banjarsari,Banyuanyar,7163,18537,72.39,6365915,23,69,86,44,24,16,7,6,4,78,30197,-7.569682890673949,110.82208328548053
2024,Normal,Banjarsari,Sumber,8757,20100,71.6,5324423,74,13,149,23,38,17,3,18,1,95,13693,-7.5711856010085485,110.82311578877405
2024,Normal,Banjarsari,Banjarsari,22487,4541,79.64,4682481,136,40,129,18,52,12,4,16,7,82,34937,-7.564261171411255,110.8289364845755
2024,Normal,Banjarsari,Joglo,5946,13518,79.97,3754987,137,54,190,16,8,19,11,14,6,96,19509,-7.569798100088746,110.8286785058356
2024,Normal,Banjarsari,Manahan,24026,20230,71.44,3762259,163,78,90,9,54,2,13,10,1,79,7397,-7.561641263316446,110.8289062315908
2024,Normal,Banjarsari,Kepatihan Kulon,7912,21833,77.05,5763228,173,78,122,36,53,20,10,4,4,55,27201,-7.571083713099728,110.82928676730505
2024,Normal,Banjarsari,Kepatihan Wetan,25209,19078,78.08,3733588,182,10,53,35,45,21,14,11,9,80,2619,-7.564733335534568,110.82101725547004
2024,Normal,Jebres,Jebres,19354,16835,60.27,5237993,171,39,115,27,11,2,7,13,8,59,33591,-7.5615474110230005,110.85433010088687
2024,Normal,Jebres,Mojosongo,7154,11896,75.53,5852818,63,82,74,35,60,10,4,17,9,70,48299,-7.541590792406101,110.84158828763844
2024,Normal,Jebres,Pucangsawit,22514,18289,74.65,5205616,167,97,172,47,25,9,10,11,8,63,6432,-7.564778917603982,110.82554148840889
2024,Normal,Jebres,Jagalan,26156,5753,63.82,3826962,68,28,144,24,16,24,13,8,1,99,30300,-7.569359667324389,110.82329182197635
2024,Normal,Jebres,Sewu,29844,19352,77.01,3662826,52,90,181,33,32,10,9,6,6,98,22008,-7.5658863997979156,110.82503457989932
2024,Normal,Jebres,Gandekan,6765,21901,69.17,6508062,84,83,114,4,6,21,9,1,2,65,31575,-7.5709901137757525,110.82160571457123
2024,Normal,Jebres,Sudiroprajan,18076,7750,70.91,6123357,107,49,67,9,68,18,1,6,5,69,10369,-7.567395293801734,110.82503635909941
2024,Normal,Jebres,Tegalharjo,14568,9774,64.1,4452441,98,95,145,27,18,8,8,16,2,74,23263,-7.56844403700191,110.82798621436962
2024,Normal,Jebres,Purwodiningratan,18936,21961,69.96,3747503,25,48,209,22,54,10,3,4,3,60,3551,-7.569110503838171,110.82189601387726
2024,Normal,Jebres,Kepatihan,11639,4475,75.15,4823383,104,81,84,8,51,14,14,7,2,91,7971,-7.566658604708558,110.82635625533162
2024,Normal,Laweyan,Laweyan,25407,18721,66.34,4851849,150,12,56,49,44,5,1,0,7,57,34380,-7.562911512864855,110.82234470655263
2024,Normal,Laweyan,Pajang,19587,6307,75.97,3854799,129,28,61,8,16,10,14,15,1,94,43870,-7.577539515101993,110.78078530016971
2024,Normal,Laweyan,Sondekan,27021,5283,79.94,6094146,78,36,98,24,7,0,4,19,2,75,24172,-7.564427224405601,110.82429817436656
2024,Normal,Laweyan,Karangasem,5330,20648,76.38,6878353,197,15,240,43,15,1,12,11,9,70,17087,-7.563203247944404,110.82105220080601
2024,Normal,Laweyan,Jajar,18907,4587,66.7,4114306,40,37,247,32,39,19,2,8,3,96,30009,-7.569144335181895,110.8285845646216
2024,Normal,Laweyan,Kerten,10641,11096,68.71,5743638,147,31,46,4,15,14,11,2,1,69,28516,-7.563773408788013,110.82751665206925
2024,Normal,Laweyan,Penumping,27981,13127,60.08,5613494,66,48,227,8,24,0,8,2,4,74,48246,-7.57113872734401,110.82004179485519
2024,Normal,Laweyan,Sriwedari,29316,10370,75.26,4209764,65,23,233,16,43,8,3,12,2,82,22125,-7.569111056321342,110.82068947857664
2024,Normal,Laweyan,Purwosari,12666,6454,63.38,4395361,117,55,67,13,66,2,3,13,4,98,9472,-7.558682126588538,110.80796740917968
2024,Normal,Laweyan,Bumi,22243,8249,79.32,6401412,169,57,112,45,55,2,10,18,9,77,6075,-7.5696955887586705,110.82327026098247
2024,Normal,Laweyan,Panularan,15720,11230,71.18,4668479,143,28,204,13,42,20,13,3,8,66,7816,-7.5635859921885,110.8248484353623
2024,Normal,Pasar Kliwon,Pasar Kliwon,16971,18424,76.49,6309461,72,68,107,29,45,3,11,3,8,51,17232,-7.568262871040434,110.82001489031818
2024,Normal,Pasar Kliwon,Gajahan,13060,9374,61.58,5533211,81,57,187,11,39,10,14,17,5,70,14615,-7.569334464749467,110.82760985885757
2024,Normal,Pasar Kliwon,Mojo,17474,11851,62.3,5084432,156,77,64,16,69,7,13,14,8,61,7581,-7.561916038229372,110.86440662569377
2024,Normal,Pasar Kliwon,Joyosuran,17188,20910,72.04,6049771,45,61,122,21,25,18,6,19,9,78,13466,-7.589541287437199,110.82822034588546
2024,Normal,Pasar Kliwon,Semanggi,23694,14587,62.08,6395781,169,85,202,2,38,22,9,0,8,72,21389,-7.585755670760093,110.84193166218394
2024,Normal,Pasar Kliwon,Sangkrah,12677,10716,69.45,5696194,46,17,240,41,69,24,13,12,1,84,31119,-7.574714516101612,110.83841062978452
2024,Normal,Pasar Kliwon,Kedung Lumbu,13599,21839,65.61,5447226,75,58,170,37,53,13,1,7,4,82,38465,-7.56374195018281,110.81981302817904
2024,Normal,Pasar Kliwon,Baluwarti,22158,21087,70.25,3841291,126,63,155,40,13,23,5,16,9,66,34623,-7.565157339014123,110.8225848827864
2024,Normal,Pasar Kliwon,Kauman,8023,20566,77.48,6093371,160,73,40,45,23,10,13,13,1,89,9210,-7.566499486356267,110.82837001079713
2024,Normal,Pasar Kliwon,Kampung Baru,16926,16743,73.42,5421413,128,21,218,47,37,12,10,6,5,57,49280,-7.565305759971672,110.828149279109
2024,Normal,Serengan,Serengan,18508,17654,74.35,4230287,194,96,206,46,22,1,4,0,4,67,33402,-7.567352970377027,110.82649147015884
2024,Normal,Serengan,Tipes,6909,4935,75.02,3580864,95,24,70,38,6,8,10,1,3,60,10101,-7.583839844541975,110.81520641164275
2024,Normal,Serengan,Jayengan,17846,15381,62.31,4443758,58,37,32,19,31,20,2,5,3,65,28997,-7.562718940299548,110.82642807324271
2024,Normal,Serengan,Kratonan,11667,17392,73.9,6534496,31,44,94,44,66,16,9,5,5,92,36426,-7.563063094562241,110.82593961762367
2024,Normal,Serengan,Kemlayan,8670,8020,77.23,5945220,49,69,137,33,36,2,3,11,9,72,17743,-7.566723617803115,110.82263738141768
2024,Normal,Serengan,Danukusuman,20842,19007,67.42,4303795,76,42,181,38,38,23,12,4,7,53,40332,-7.567265152029513,110.82849233953489
2024,Normal,Serengan,Joyotakan,26838,15411,66.8,4333710,165,44,200,46,15,16,1,5,5,57,1929,-7.562488485044835,110.82545495153815
2024,High Growth,Banjarsari,Kadipiro,18154,19845,69.08,4296426,151,59,98,29,63,2,11,12,4,75,43138,-7.536628855575928,110.8289170640456
2024,High Growth,Banjarsari,Nusukan,13491,8458,67.76,6887255,70,59,35,14,34,9,5,4,5,84,28734,-7.551524888126014,110.821876199156
2024,High Growth,Banjarsari,Gilingan,30173,4785,76.53,5605977,132,38,106,46,21,12,6,3,5,86,16848,-7.556093105929302,110.82356834637754
2024,High Growth,Banjarsari,Setabelan,7873,14913,63.37,3890947,72,96,208,2,46,1,13,18,1,70,44949,-7.565088346615393,110.82631759926569
2024,High Growth,Banjarsari,Kestalan,23311,12491,76.61,7044073,87,10,121,23,17,14,2,10,4,66,20554,-7.562145996186204,110.82352729238582
2024,High Growth,Banjarsari,Keprabon,27009,6151,66.52,6898046,171,28,194,38,12,4,1,4,4,68,11238,-7.570043011796134,110.82332093351906
2024,High Growth,Banjarsari,Timuran,12002,5140,71.98,4857364,73,54,76,11,25,21,11,6,5,66,2207,-7.571124733807573,110.8272339012519
2024,High Growth,Banjarsari,Ketelan,19632,19883,79.39,4380798,134,28,183,47,56,5,7,3,6,60,29064,-7.57064976981175,110.82692664855104
2024,High Growth,Banjarsari,Punggawan,31604,6454,67.73,4113932,198,62,235,26,55,14,4,6,3,97,49456,-7.570622687261749,110.825252346731
2024,High Growth,Banjarsari,Mangkubumen,7350,11084,68.78,5801653,132,81,176,37,63,4,13,14,7,65,34905,-7.5658722856523015,110.8248123535282
2024,High Growth,Banjarsari,Banyuanyar,27311,9845,74.45,4769904,73,19,71,20,45,23,3,14,3,68,11503,-7.563799923439528,110.82861918005945
2024,High Growth,Banjarsari,Sumber,25944,15590,60.05,5332260,86,74,65,24,41,0,5,12,8,57,9068,-7.565014532609521,110.81956802853406
2024,High Growth,Banjarsari,Banjarsari,25295,12392,75.32,5300472,183,44,223,39,27,8,2,13,4,79,35782,-7.56415063527,110.8238414415728
2024,High Growth,Banjarsari,Joglo,6834,13101,76.16,5925536,192,43,74,18,20,1,8,16,7,83,25297,-7.5623167033898335,110.82606921730934
2024,High Growth,Banjarsari,Manahan,30985,19717,61.0,4002540,32,65,140,30,38,6,3,7,7,63,5727,-7.5691496766322075,110.82608144567223
2024,High Growth,Banjarsari,Kepatihan Kulon,27148,7701,66.43,6246301,72,48,94,16,34,20,13,18,5,68,24864,-7.569140190260022,110.82006915016923
2024,High Growth,Banjarsari,Kepatihan Wetan,21485,14576,74.4,5325592,51,71,103,9,58,19,4,17,2,77,17237,-7.568047390381323,110.82849177313182
2024,High Growth,Jebres,Jebres,15211,18743,65.8,5863001,49,72,33,12,63,22,8,17,7,80,13237,-7.565421906690882,110.85324772002632
2024,High Growth,Jebres,Mojosongo,22115,11927,72.59,3929268,94,85,78,14,61,16,10,17,6,87,23736,-7.5377481561667485,110.84294424831624
2024,High Growth,Jebres,Pucangsawit,20442,19275,74.82,6172632,176,37,168,0,23,8,11,1,4,85,17209,-7.5619387692477575,110.82739046004059
2024,High Growth,Jebres,Jagalan,21683,14380,68.45,6513070,131,65,233,36,21,22,10,0,9,59,7318,-7.571194622810829,110.82338948364506
2024,High Growth,Jebres,Sewu,26967,4234,73.33,4463435,180,33,137,10,21,3,9,8,5,69,40890,-7.564019637791379,110.82227954132186
2024,High Growth,Jebres,Gandekan,11611,5316,60.96,6483280,120,57,132,27,45,2,2,13,3,93,10083,-7.566562759615654,110.82011593559837
2024,High Growth,Jebres,Sudiroprajan,11324,6257,71.04,5938630,119,40,159,15,13,8,6,10,6,71,28747,-7.565612310672118,110.82517769936396
2024,High Growth,Jebres,Tegalharjo,16986,13388,60.72,4285702,156,97,37,6,40,17,3,5,5,77,48591,-7.563917691265833,110.82792760628007
2024,High Growth,Jebres,Purwodiningratan,24466,12547,61.71,4087450,32,66,78,9,57,11,5,9,5,87,19199,-7.5654939776645485,110.8209151040103
2024,High Growth,Jebres,Kepatihan,9468,12016,62.49,7303968,157,44,182,2,21,11,6,19,8,78,32128,-7.571375428986895,110.82610472104729
2024,High Growth,Laweyan,Laweyan,6855,19193,73.55,5945398,103,37,45,46,62,11,11,9,9,83,31116,-7.562425865312355,110.82567480884539
2024,High Growth,Laweyan,Pajang,21948,21908,66.84,4061847,74,67,36,11,20,15,11,3,7,85,21936,-7.575205665899121,110.7808225929372
2024,High Growth,Laweyan,Sondekan,25265,16512,72.12,4314752,64,95,88,3,33,8,13,1,2,77,34870,-7.566902352959925,110.82119139970538
2024,High Growth,Laweyan,Karangasem,10970,20299,61.16,4562757,109,18,148,4,60,19,2,10,6,90,43512,-7.5664045331074545,110.8225080830081
2024,High Growth,Laweyan,Jajar,11448,11659,72.39,3938325,45,34,167,44,15,12,5,7,8,53,8006,-7.5640598033565,110.82688639628955
2024,High Growth,Laweyan,Kerten,26632,12682,76.2,4856113,194,61,131,23,58,24,9,13,2,75,43736,-7.567956832298156,110.82534661165938
2024,High Growth,Laweyan,Penumping,22749,9939,64.61,3882302,73,42,207,37,31,1,13,13,5,55,45605,-7.570001647823172,110.82730382332045
2024,High Growth,Laweyan,Sriwedari,25735,10353,70.94,4264427,65,22,32,29,10,7,12,12,1,66,29399,-7.563175890379616,110.82408801727875
2024,High Growth,Laweyan,Purwosari,12288,18385,77.08,4549449,175,79,198,15,52,23,11,11,5,74,40954,-7.556538427466515,110.79980416937705
2024,High Growth,Laweyan,Bumi,11890,4619,75.85,4161791,78,26,136,42,38,22,8,12,8,79,37191,-7.564106347062932,110.82267386235674
2024,High Growth,Laweyan,Panularan,16290,16474,79.2,4990498,105,95,73,8,41,9,4,4,5,73,19601,-7.569060822874193,110.82122647481714
2024,High Growth,Pasar Kliwon,Pasar Kliwon,10674,14695,76.17,5523310,41,36,150,28,17,12,10,3,9,76,3176,-7.565979257201213,110.8233230642664
2024,High Growth,Pasar Kliwon,Gajahan,26911,13171,61.81,3863199,113,44,128,48,21,17,13,19,4,76,2105,-7.5676880650170775,110.82716919008944
2024,High Growth,Pasar Kliwon,Mojo,26123,19417,77.55,4505346,167,96,39,10,45,8,5,0,1,71,44361,-7.556949277417155,110.85726700606726
2024,High Growth,Pasar Kliwon,Joyosuran,7252,16996,74.38,5040323,75,60,178,34,30,18,3,12,7,96,43998,-7.589791687969829,110.82567871257397
2024,High Growth,Pasar Kliwon,Semanggi,12099,8557,75.61,6283672,125,93,172,49,12,8,3,15,7,95,45525,-7.58896540561022,110.83626353100213
2024,High Growth,Pasar Kliwon,Sangkrah,27796,20654,77.59,6730235,148,76,140,23,31,7,13,3,2,78,20991,-7.572171104723859,110.83686345192542
2024,High Growth,Pasar Kliwon,Kedung Lumbu,16895,20673,77.52,5375984,135,32,138,4,57,8,9,5,5,59,23918,-7.562902818231954,110.82713347110081
2024,High Growth,Pasar Kliwon,Baluwarti,20269,15580,68.75,5992258,147,60,115,46,42,18,4,14,9,54,23412,-7.5649349573493145,110.82311984962195
2024,High Growth,Pasar Kliwon,Kauman,24882,6749,76.36,4652510,131,36,208,13,61,15,11,14,6,85,45582,-7.569241875346481,110.82698714706382
2024,High Growth,Pasar Kliwon,Kampung Baru,10861,6708,62.99,6586997,35,68,60,41,36,1,14,8,1,60,4551,-7.561676202704224,110.82652082214638
2024,High Growth,Serengan,Serengan,18525,6832,72.03,5690442,199,34,152,20,69,24,3,3,1,90,30566,-7.562857157252598,110.82239475145873
2024,High Growth,Serengan,Tipes,30785,11263,61.96,6086413,20,32,151,38,61,16,2,8,9,62,38125,-7.58021646874167,110.81036751705562
2024,High Growth,Serengan,Jayengan,6814,6292,77.13,3793793,82,58,105,47,51,12,7,0,1,52,10689,-7.567188819524478,110.82525901820561
2024,High Growth,Serengan,Kratonan,18256,21951,67.74,7489463,165,92,72,34,62,0,14,1,7,53,24255,-7.5622087855025315,110.82087323914017
2024,High Growth,Serengan,Kemlayan,26085,8997,70.93,7069133,196,49,112,0,31,15,6,7,3,68,36531,-7.5677484633146195,110.82208767152461
2024,High Growth,Serengan,Danukusuman,26825,5481,76.18,5748384,114,77,201,22,6,23,6,18,9,86,44526,-7.5665021764201486,110.82322615995714
2024,High Growth,Serengan,Joyotakan,26411,15889,76.66,7091654,102,60,239,15,16,20,11,4,1,55,20552,-7.56161728783574,110.82333136352447
2024,Low Growth,Banjarsari,Kadipiro,15317,10989,72.11,3619621,139,68,62,49,23,21,5,1,7,53,40200,-7.537674971988381,110.81975808632482
2024,Low Growth,Banjarsari,Nusukan,17879,7765,74.67,6230424,33,96,176,28,24,23,2,9,9,57,39556,-7.545791242637313,110.81731169494165
2024,Low Growth,Banjarsari,Gilingan,5039,14561,79.41,6112281,88,37,91,40,45,16,11,16,7,52,46833,-7.557932337891466,110.82195522479746
2024,Low Growth,Banjarsari,Setabelan,26768,18114,65.37,5962768,143,33,103,37,26,10,7,6,6,69,17346,-7.56306268197926,110.82618862420317
2024,Low Growth,Banjarsari,Kestalan,7364,7554,72.97,4515653,177,62,63,21,10,14,11,9,9,82,30231,-7.568046678739205,110.81951334206212
2024,Low Growth,Banjarsari,Keprabon,17473,8195,64.99,4913056,21,38,225,0,30,24,10,14,6,97,48994,-7.571122794471987,110.82092154437049
2024,Low Growth,Banjarsari,Timuran,6076,12475,72.55,6187449,64,77,36,48,13,3,3,0,4,58,16596,-7.570854961070132,110.82278142148013
2024,Low Growth,Banjarsari,Ketelan,6873,12367,73.3,3658022,93,36,83,49,39,19,11,14,4,78,3426,-7.564290151327694,110.82101583483747
2024,Low Growth,Banjarsari,Punggawan,28728,6962,71.79,4494788,36,52,150,40,46,17,4,12,8,88,25944,-7.567104936734186,110.82223174155212
2024,Low Growth,Banjarsari,Mangkubumen,15500,5134,74.77,5542856,66,72,139,4,47,15,2,7,2,52,18568,-7.567723990655163,110.82231965708961
2024,Low Growth,Banjarsari,Banyuanyar,25009,16625,67.44,3710524,157,91,67,18,40,12,8,13,3,59,1869,-7.565316613261839,110.82102126973541
2024,Low Growth,Banjarsari,Sumber,5827,20986,70.43,5941465,198,90,102,5,43,16,12,0,6,86,22128,-7.563033958062962,110.81989273357355
2024,Low Growth,Banjarsari,Banjarsari,22536,6817,72.6,4547035,126,69,197,35,41,14,12,17,2,71,11751,-7.5619104812804085,110.82159432036018
2024,Low Growth,Banjarsari,Joglo,17878,11352,64.02,4276275,154,70,136,23,5,22,3,13,6,99,42080,-7.562422968766423,110.82127057788087
2024,Low Growth,Banjarsari,Manahan,28038,17652,63.21,4218643,152,83,121,20,51,19,3,2,4,54,33963,-7.564272340156537,110.82371740765902
2024,Low Growth,Banjarsari,Kepatihan Kulon,6964,7606,65.1,4878200,80,72,151,23,29,12,7,13,7,81,49516,-7.567914302237495,110.82221336296479
2024,Low Growth,Banjarsari,Kepatihan Wetan,10776,19721,65.43,5361298,99,94,90,8,10,18,13,2,7,71,36240,-7.570110237717001,110.82901472663086
2024,Low Growth,Jebres,Jebres,4928,10219,77.18,3465376,177,66,156,21,33,14,5,12,4,96,6520,-7.560905813918743,110.85160750635262
2024,Low Growth,Jebres,Mojosongo,15998,20980,74.37,3553833,153,27,123,21,37,16,14,10,3,63,22113,-7.541960257663013,110.83842537894238
2024,Low Growth,Jebres,Pucangsawit,6466,15171,62.37,3859955,47,20,235,38,51,21,3,14,8,57,44370,-7.571391203799605,110.82039912134044
2024,Low Growth,Jebres,Jagalan,10298,19534,75.08,6193762,38,76,103,39,51,9,1,17,2,62,2920,-7.562519778298416,110.82092024810063
2024,Low Growth,Jebres,Sewu,15667,16207,78.9,6126246,67,58,93,28,43,23,10,16,7,62,16810,-7.562118132732995,110.82474009928013
2024,Low Growth,Jebres,Gandekan,9812,4816,79.03,5579727,81,26,200,24,7,14,13,10,9,77,43056,-7.566582208430688,110.82877703964384
2024,Low Growth,Jebres,Sudiroprajan,23317,4504,77.48,6243048,188,60,147,40,33,18,3,1,9,94,5994,-7.570837671654405,110.82674139627741
2024,Low Growth,Jebres,Tegalharjo,8947,15181,67.76,5490791,165,60,157,47,12,21,6,11,9,89,11531,-7.570670958745947,110.82822508169556
2024,Low Growth,Jebres,Purwodiningratan,24021,15064,79.63,4051066,101,75,106,44,24,9,13,2,3,52,47773,-7.569328289754151,110.82199061322855
2024,Low Growth,Jebres,Kepatihan,12981,16327,61.37,5318274,81,13,89,10,34,10,2,16,9,77,1670,-7.564685505557408,110.82396440067095
2024,Low Growth,Laweyan,Laweyan,27786,15767,70.97,6076018,172,45,165,8,62,4,13,6,4,66,45386,-7.567556517763503,110.82637526242065
2024,Low Growth,Laweyan,Pajang,25885,12235,74.85,4875603,90,18,156,27,10,16,7,2,5,75,1489,-7.575122120594937,110.78149110453211
2024,Low Growth,Laweyan,Sondekan,16228,7516,74.33,6016749,73,25,37,39,63,24,8,12,2,79,11973,-7.568539862670053,110.82064109202767
2024,Low Growth,Laweyan,Karangasem,11491,14539,74.92,6353020,99,90,247,1,54,11,3,17,1,87,11744,-7.5653129600860805,110.82145164678154
2024,Low Growth,Laweyan,Jajar,9044,16226,72.73,3570294,148,54,185,20,17,3,7,9,7,64,34998,-7.569790480696655,110.8264151463452
2024,Low Growth,Laweyan,Kerten,15142,14006,79.67,5827952,103,93,233,32,32,7,1,4,6,55,16228,-7.5632078428309,110.82372781884834
2024,Low Growth,Laweyan,Penumping,25081,20034,76.49,6591121,79,55,207,47,10,24,8,13,8,89,33510,-7.5664309669014225,110.8225679269465
2024,Low Growth,Laweyan,Sriwedari,28562,8172,76.51,3657524,21,17,104,32,58,5,11,19,3,94,24386,-7.563818160495276,110.82229575456736
2024,Low Growth,Laweyan,Purwosari,18397,6850,60.45,4689012,168,63,232,29,52,20,3,5,8,99,18375,-7.559334095996108,110.80180506819227
2024,Low Growth,Laweyan,Bumi,20072,7839,72.39,6756912,118,12,237,4,14,18,9,3,3,92,37289,-7.561942905182595,110.82728199921284
2024,Low Growth,Laweyan,Panularan,5399,9395,71.39,5716272,106,33,168,45,59,4,11,4,3,70,36595,-7.565863304802438,110.82248712889402
2024,Low Growth,Pasar Kliwon,Pasar Kliwon,18615,9232,69.22,6278706,185,34,43,10,36,10,13,17,7,67,8031,-7.5688609161336196,110.82289527160627
2024,Low Growth,Pasar Kliwon,Gajahan,19192,7716,61.09,4400696,78,98,211,9,26,18,1,6,4,50,19062,-7.566603930076307,110.82747089986165
2024,Low Growth,Pasar Kliwon,Mojo,21317,13941,71.59,3645466,112,55,171,49,24,17,1,10,8,69,48269,-7.558372936134343,110.86092506141169
2024,Low Growth,Pasar Kliwon,Joyosuran,7451,7255,79.07,4890949,32,86,95,36,53,5,2,3,6,75,43570,-7.588404427807685,110.82945455084173
2024,Low Growth,Pasar Kliwon,Semanggi,28603,15413,74.05,4148446,48,49,247,29,59,15,14,10,7,65,24596,-7.587269263494502,110.84117227319396
2024,Low Growth,Pasar Kliwon,Sangkrah,6067,11382,65.73,4908580,92,44,208,19,41,9,1,14,7,57,34998,-7.576390857864375,110.83722797523899
2024,Low Growth,Pasar Kliwon,Kedung Lumbu,13639,18715,61.34,3421621,138,21,206,16,68,9,14,18,2,99,18478,-7.56865062141193,110.8220126949324
2024,Low Growth,Pasar Kliwon,Baluwarti,7181,18113,69.5,4013203,69,97,167,31,56,14,5,19,3,86,27616,-7.5689113927245275,110.82783140855933
2024,Low Growth,Pasar Kliwon,Kauman,18526,8331,65.57,4114427,123,20,139,7,60,9,7,16,4,62,17351,-7.570710098854077,110.82024004657411
2024,Low Growth,Pasar Kliwon,Kampung Baru,8847,16057,76.18,5663863,101,73,195,23,26,1,7,10,5,87,35057,-7.564140578538532,110.82475648179941
2024,Low Growth,Serengan,Serengan,6247,18139,69.76,5572708,164,74,86,41,57,23,2,8,6,62,6208,-7.57011904249612,110.81970447732172
2024,Low Growth,Serengan,Tipes,5510,17223,73.28,4900241,125,24,236,38,17,16,9,7,4,75,29378,-7.580689684680092,110.81532567543601
2024,Low Growth,Serengan,Jayengan,11748,21228,74.83,3952203,95,53,67,18,64,6,9,2,2,65,6558,-7.562112445880878,110.82484581538864
2024,Low Growth,Serengan,Kratonan,16444,18680,70.28,3931467,160,90,163,18,64,13,6,3,7,57,49920,-7.564252587776237,110.82684939797754
2024,Low Growth,Serengan,Kemlayan,15585,18821,62.63,5615795,139,62,224,27,7,12,6,1,6,81,7855,-7.568743037083206,110.81962361671262
2024,Low Growth,Serengan,Danukusuman,22943,18520,75.71,3706848,51,19,160,11,53,4,14,19,9,90,27910,-7.5684630204818815,110.81968242353777
2024,Low Growth,Serengan,Joyotakan,9515,17907,64.99,3592673,169,13,42,44,46,17,1,19,4,62,1336,-7.57147457961592,110.82282125277975
2025,Normal,Banjarsari,Kadipiro,15771,16768,71.09,6863537,36,33,87,7,27,13,8,7,7,86,27096,-7.5413973920617625,110.82331577326131
2025,Normal,Banjarsari,Nusukan,13880,21270,69.75,7258160,164,39,132,12,17,10,5,15,7,66,28559,-7.547230302160661,110.82087949817695
2025,Normal,Banjarsari,Gilingan,19529,7435,70.03,4134289,147,61,187,32,61,19,9,14,1,93,36554,-7.55548043113461,110.82746412815519
2025,Normal,Banjarsari,Setabelan,19920,7791,64.75,7198132,34,21,235,7,31,11,1,10,8,91,17061,-7.564111187598176,110.82609454896576
2025,Normal,Banjarsari,Kestalan,30403,21888,64.74,4303301,104,49,180,5,54,5,5,12,3,57,26832,-7.566029111577841,110.82623876708794
2025,Normal,Banjarsari,Keprabon,15766,17682,66.9,3866006,68,30,144,1,67,7,3,6,1,55,12410,-7.567926166104873,110.82331320796217
2025,Normal,Banjarsari,Timuran,20299,5051,76.96,4385443,138,46,144,3,53,10,4,12,4,81,30648,-7.567111455600686,110.82577053817377
2025,Normal,Banjarsari,Ketelan,8503,9366,68.71,4561426,102,67,128,45,60,0,10,17,8,82,14255,-7.567819609050613,110.82763288583605
2025,Normal,Banjarsari,Punggawan,9949,10513,78.57,5599209,174,18,140,15,60,11,8,13,9,83,6698,-7.562180179563396,110.82298102056129
2025,Normal,Banjarsari,Mangkubumen,6523,15241,78.1,4282061,167,73,133,9,28,4,3,15,1,64,18570,-7.564084703906881,110.82024744090067
2025,Normal,Banjarsari,Banyuanyar,18087,19641,74.34,5594921,114,59,113,11,8,22,7,15,1,74,27177,-7.569696228529057,110.82508260674075
2025,Normal,Banjarsari,Sumber,10155,17272,77.26,7069040,135,95,242,32,42,14,10,13,4,64,26901,-7.5699855252736175,110.82229768126695
2025,Normal,Banjarsari,Banjarsari,29719,13175,62.33,5172232,152,79,142,42,51,22,4,17,5,77,14026,-7.567903226833813,110.82588055007126
2025,Normal,Banjarsari,Joglo,8083,13878,73.99,6686691,59,19,118,48,65,4,10,12,5,86,48159,-7.568076790105027,110.82549258663478
2025,Normal,Banjarsari,Manahan,26958,17157,64.29,4084333,92,68,31,0,64,18,14,10,7,75,11956,-7.569292142466384,110.82830980492616
2025,Normal,Banjarsari,Kepatihan Kulon,23164,10078,71.23,4148991,144,63,249,29,62,20,8,14,2,80,2587,-7.5665065694143685,110.82622958250441
2025,Normal,Banjarsari,Kepatihan Wetan,29519,21280,69.16,6342414,59,10,94,41,58,9,5,14,1,71,42637,-7.565655327413822,110.82745671977875
2025,Normal,Jebres,Jebres,16484,18343,63.17,4681510,36,26,119,12,21,5,1,15,6,84,7509,-7.558392519806391,110.8553052265977
2025,Normal,Jebres,Mojosongo,13200,20455,76.17,4229170,73,36,42,48,35,20,8,2,6,54,14269,-7.539419389850936,110.83901689625421
2025,Normal,Jebres,Pucangsawit,30542,15268,66.24,5078985,153,79,88,49,22,3,1,13,7,93,44894,-7.56891515361824,110.82901298800805
2025,Normal,Jebres,Jagalan,13068,19086,73.24,5833836,100,44,176,19,39,15,12,7,8,66,48466,-7.571115475602882,110.82713174067422
2025,Normal,Jebres,Sewu,23355,6402,67.1,5451563,160,79,87,13,41,15,14,3,8,65,5827,-7.563342000879348,110.82899368141854
2025,Normal,Jebres,Gandekan,19446,19193,63.36,4701145,50,12,165,23,19,10,9,6,2,57,37343,-7.567840733416748,110.82491709754578
2025,Normal,Jebres,Sudiroprajan,7714,5001,66.33,6813686,49,83,175,49,43,1,11,12,7,54,11589,-7.570600147975049,110.82392987434768
2025,Normal,Jebres,Tegalharjo,30631,5657,64.74,7177721,127,13,122,22,10,9,2,14,8,81,5552,-7.570048005709395,110.82222986994493
2025,Normal,Jebres,Purwodiningratan,24073,13221,66.5,4603997,142,72,96,41,15,10,1,3,4,66,34576,-7.565998366870938,110.82499585384139
2025,Normal,Jebres,Kepatihan,14736,21109,76.41,4099933,54,31,222,19,26,15,7,10,3,58,3123,-7.563543535925615,110.82839088123978
2025,Normal,Laweyan,Laweyan,17194,18448,66.09,6076861,92,32,231,18,51,4,4,1,8,97,30166,-7.563032435686221,110.82177404806849
2025,Normal,Laweyan,Pajang,25459,4717,74.48,5141137,77,50,54,13,52,1,10,2,5,70,41149,-7.570559367650584,110.78812040574566
2025,Normal,Laweyan,Sondekan,27210,6941,77.37,6739555,95,51,239,10,20,16,3,17,3,75,40567,-7.562305179240732,110.82446300523804
2025,Normal,Laweyan,Karangasem,20380,17675,66.27,5272508,67,51,105,12,8,6,6,1,8,56,32422,-7.565071678077539,110.82144453973365
2025,Normal,Laweyan,Jajar,24217,16205,63.89,5818764,143,21,170,42,21,16,8,3,5,57,39724,-7.569871546194268,110.82569678351014
2025,Normal,Laweyan,Kerten,22331,6843,61.01,6473541,194,85,130,29,27,15,14,9,7,94,35172,-7.570970439809081,110.8250326347499
2025,Normal,Laweyan,Penumping,29456,7982,67.89,5501751,193,61,48,12,25,4,11,19,4,74,5933,-7.5703140136726965,110.82476100357441
2025,Normal,Laweyan,Sriwedari,10323,7969,68.17,6870193,35,27,226,35,34,12,3,1,6,78,36349,-7.5676892831005755,110.82849133456445
2025,Normal,Laweyan,Purwosari,5918,4931,62.44,4453549,166,47,99,46,61,19,9,3,2,67,29164,-7.566428646701314,110.80410661895421
2025,Normal,Laweyan,Bumi,29291,4277,73.43,4189157,63,43,106,41,13,9,7,3,3,91,44485,-7.564343484187042,110.82427475211983
2025,Normal,Laweyan,Panularan,18148,14068,77.32,6581877,102,62,61,1,63,19,10,1,2,73,33528,-7.5673245576221575,110.82528643084626
2025,Normal,Pasar Kliwon,Pasar Kliwon,11422,18758,78.69,5113920,126,97,158,10,8,6,10,14,2,61,36422,-7.564244639075183,110.82897632385472
2025,Normal,Pasar Kliwon,Gajahan,17663,21755,63.9,4823403,66,62,135,6,6,9,8,3,3,75,21426,-7.570126366768746,110.82313018185219
2025,Normal,Pasar Kliwon,Mojo,17221,17482,79.28,5864486,31,76,56,48,58,1,1,15,2,79,14907,-7.558897936341425,110.86319856332236
2025,Normal,Pasar Kliwon,Joyosuran,30398,8873,73.85,3759034,59,86,134,41,51,4,6,15,6,69,30978,-7.584405792268508,110.83263682225817
2025,Normal,Pasar Kliwon,Semanggi,28138,19519,69.57,5865933,85,21,197,8,14,24,2,15,4,88,22057,-7.585928013276105,110.83904686727287
2025,Normal,Pasar Kliwon,Sangkrah,19495,20035,63.49,4951626,174,11,188,13,33,14,12,4,4,88,17663,-7.576414716773379,110.83880947236365
2025,Normal,Pasar Kliwon,Kedung Lumbu,26375,15085,76.8,7204002,161,43,157,11,26,23,6,3,4,71,15541,-7.56515188395621,110.82650541576794
2025,Normal,Pasar Kliwon,Baluwarti,16513,17667,72.11,6173355,115,42,202,35,24,17,6,2,7,81,9044,-7.563789864319194,110.82517984140725
2025,Normal,Pasar Kliwon,Kauman,26626,19034,78.49,6376297,168,87,235,5,16,15,1,12,7,63,19748,-7.562995828640114,110.81945372828692
2025,Normal,Pasar Kliwon,Kampung Baru,19782,9919,76.27,4955804,164,50,83,46,48,1,5,12,4,72,23394,-7.571217798952869,110.82434979818063
2025,Normal,Serengan,Serengan,7543,16330,60.0,3883690,50,26,249,18,58,22,8,12,4,84,49328,-7.565568597479961,110.82412220531387
2025,Normal,Serengan,Tipes,22002,13726,70.98,4066322,41,75,202,4,5,19,12,10,7,96,13853,-7.584183026660873,110.81033746495389
2025,Normal,Serengan,Jayengan,23661,20284,61.75,5552612,35,29,75,2,69,20,1,16,2,78,8493,-7.569559704438232,110.82814042956174
2025,Normal,Serengan,Kratonan,9467,6994,67.29,7152267,182,78,248,43,24,8,7,3,3,68,41037,-7.5633190625590805,110.82317404702223
2025,Normal,Serengan,Kemlayan,12615,12844,73.47,3783416,105,61,140,44,47,18,8,19,8,91,18241,-7.568714755882551,110.82297258259476
2025,Normal,Serengan,Danukusuman,26215,16182,71.71,3800395,175,18,49,18,43,18,12,14,7,63,11905,-7.565917256747562,110.82855538358596
2025,Normal,Serengan,Joyotakan,19087,19882,60.83,6907723,190,28,221,5,50,19,6,16,1,84,14543,-7.5620071173627155,110.82034224727083
2025,High Growth,Banjarsari,Kadipiro,19235,4375,61.49,4396123,122,70,97,24,16,5,14,11,3,86,34367,-7.5381755710723315,110.82105768921156
2025,High Growth,Banjarsari,Nusukan,28609,12792,76.66,4951241,73,66,145,3,53,6,14,10,6,90,41150,-7.547476281416536,110.82484210737933
2025,High Growth,Banjarsari,Gilingan,15268,11707,71.59,6634835,76,35,182,28,40,13,14,2,1,52,14007,-7.5582482594208305,110.82619022506819
2025,High Growth,Banjarsari,Setabelan,25287,6547,68.01,4930595,98,98,208,37,51,20,6,19,6,72,37358,-7.5667380844684615,110.82895182695064
2025,High Growth,Banjarsari,Kestalan,16449,21576,63.61,5999938,154,59,248,32,5,11,5,1,4,66,18027,-7.56248031896138,110.82834936011743
2025,High Growth,Banjarsari,Keprabon,14952,14310,71.9,4163336,54,17,181,18,40,17,4,10,9,67,1507,-7.566573496910259,110.82804645463162
2025,High Growth,Banjarsari,Timuran,7028,12750,77.4,7269821,50,13,194,16,43,15,14,15,7,90,37483,-7.570605012368192,110.82553714904175
2025,High Growth,Banjarsari,Ketelan,21705,5301,69.54,4331515,127,21,65,17,57,6,13,0,7,75,7533,-7.562885566461129,110.82785499471964
2025,High Growth,Banjarsari,Punggawan,28458,13927,76.03,7551270,38,27,124,36,34,24,10,0,5,61,8797,-7.566099346651103,110.82836298349454
2025,High Growth,Banjarsari,Mangkubumen,24291,4904,77.48,6550595,95,38,190,42,66,20,2,19,7,93,25849,-7.562168733180569,110.8232331016194
2025,High Growth,Banjarsari,Banyuanyar,25869,20081,67.66,7607280,184,67,190,43,63,10,4,17,4,98,30793,-7.569918427215594,110.82288494642293
2025,High Growth,Banjarsari,Sumber,12828,21857,76.52,7228016,153,51,54,20,59,15,14,6,3,98,42913,-7.562961420777143,110.8290552682433
2025,High Growth,Banjarsari,Banjarsari,10400,10559,76.5,5105306,61,62,216,9,43,14,7,14,3,68,36163,-7.569332563429892,110.8202744304874
2025,High Growth,Banjarsari,Joglo,32327,15781,67.7,5476984,57,86,122,18,12,7,7,19,4,70,30122,-7.569594056900789,110.82071575858033
2025,High Growth,Banjarsari,Manahan,23958,15279,71.32,6430926,28,69,107,12,19,6,6,1,9,71,45439,-7.562570832260782,110.82885913965674
2025,High Growth,Banjarsari,Kepatihan Kulon,30182,6313,78.92,4123885,129,81,213,48,54,11,9,16,9,85,3936,-7.561957682236261,110.82646543488272
2025,High Growth,Banjarsari,Kepatihan Wetan,9677,18318,74.58,4982885,44,27,219,12,47,13,12,17,9,77,19610,-7.568471333371026,110.82463278856173
2025,High Growth,Jebres,Jebres,6638,17983,69.79,6788773,87,55,96,25,12,5,8,15,7,79,28052,-7.562633764873204,110.85583646276639
2025,High Growth,Jebres,Mojosongo,9107,19896,61.02,6442734,101,91,95,9,49,17,12,14,2,96,35552,-7.542031729402108,110.84419768804544
2025,High Growth,Jebres,Pucangsawit,27184,13190,64.81,4756483,33,54,201,23,69,18,11,18,2,61,21918,-7.569483615388791,110.82572703755847
2025,High Growth,Jebres,Jagalan,29880,21696,76.65,4369846,142,61,155,48,41,2,2,2,8,65,46349,-7.568038494932299,110.82696078247588
2025,High Growth,Jebres,Sewu,22928,13211,79.93,4199209,35,37,192,44,50,7,12,7,5,74,11304,-7.56599373441881,110.81956998119513
2025,High Growth,Jebres,Gandekan,10655,20234,68.37,4269966,177,86,175,22,25,24,7,12,2,73,33626,-7.5715753249906905,110.82611312744605
2025,High Growth,Jebres,Sudiroprajan,10406,5073,60.87,5415071,110,15,120,8,61,20,10,7,1,72,48204,-7.563107807097375,110.82508815868027
2025,High Growth,Jebres,Tegalharjo,18586,5627,71.99,4545048,188,75,54,49,45,5,11,5,6,94,43058,-7.5710854011820405,110.82029505726965
2025,High Growth,Jebres,Purwodiningratan,25182,17058,63.49,4683929,118,33,48,17,68,16,4,12,3,50,23499,-7.568316023152578,110.82153680111414
2025,High Growth,Jebres,Kepatihan,10098,8603,62.43,4307769,108,25,176,22,29,15,6,18,9,50,38344,-7.566971462313508,110.82435973282332
2025,High Growth,Laweyan,Laweyan,25394,19207,64.94,5709232,53,98,154,44,10,20,10,5,9,97,18898,-7.567812234663681,110.82070856575159
2025,High Growth,Laweyan,Pajang,26188,5001,75.45,5770230,37,69,117,8,19,3,8,8,9,75,28856,-7.577165476066944,110.78755292981016
2025,High Growth,Laweyan,Sondekan,23647,10008,77.72,7337801,24,29,108,17,6,12,4,9,9,57,1066,-7.571416184770716,110.82741739392054
2025,High Growth,Laweyan,Karangasem,22773,11533,61.14,5732106,136,20,128,36,46,12,4,12,5,59,25648,-7.569570105583071,110.82133295313167
2025,High Growth,Laweyan,Jajar,21450,20955,64.19,6148088,59,73,114,22,33,13,10,18,5,80,23616,-7.569771725355324,110.82390121984568
2025,High Growth,Laweyan,Kerten,6331,6795,61.09,7551696,149,34,42,38,62,2,2,10,6,69,26791,-7.568457653171272,110.82683162870882
2025,High Growth,Laweyan,Penumping,32650,18037,68.11,7477371,145,71,173,23,19,24,12,2,7,63,6586,-7.569260639933069,110.82011520872678
2025,High Growth,Laweyan,Sriwedari,8645,19901,66.78,7104506,163,60,101,17,46,16,13,12,7,76,16881,-7.568452415167231,110.82016120877373
2025,High Growth,Laweyan,Purwosari,17237,21297,78.9,5045916,48,34,212,16,50,23,11,18,2,77,14386,-7.557286487721809,110.79909675294168
2025,High Growth,Laweyan,Bumi,29147,11769,61.69,6548275,73,65,132,29,63,7,3,19,6,56,16240,-7.56968868630406,110.8255052120684
2025,High Growth,Laweyan,Panularan,9793,20574,61.64,4683749,54,12,133,6,31,0,11,15,6,56,21651,-7.56705176280996,110.8205606803733
2025,High Growth,Pasar Kliwon,Pasar Kliwon,8908,17434,76.73,5275154,136,42,207,35,41,8,11,16,3,97,18796,-7.562870918664903,110.81998828527915
2025,High Growth,Pasar Kliwon,Gajahan,16134,10146,74.19,5984857,118,23,220,47,65,16,12,19,7,67,10265,-7.5661473092198355,110.82438361332918
2025,High Growth,Pasar Kliwon,Mojo,22780,9454,61.42,6815107,46,24,79,35,12,14,3,14,9,83,34751,-7.557886743809711,110.86360116680524
2025,High Growth,Pasar Kliwon,Joyosuran,29474,13916,62.79,6371897,135,22,30,33,66,14,12,13,9,78,24649,-7.589814337104224,110.8284258811747
2025,High Growth,Pasar Kliwon,Semanggi,15612,5990,77.6,4925100,178,73,182,37,18,7,11,1,1,86,16960,-7.584913734537017,110.8442822237297
2025,High Growth,Pasar Kliwon,Sangkrah,17861,8435,68.44,4321939,41,44,45,49,47,16,10,1,4,70,7054,-7.579672472107232,110.83912946002305
2025,High Growth,Pasar Kliwon,Kedung Lumbu,7103,19749,66.23,5084278,88,78,177,15,55,8,5,7,9,54,2449,-7.5622613267354755,110.81985513186028
2025,High Growth,Pasar Kliwon,Baluwarti,29852,6659,70.26,4886822,41,43,212,28,42,13,1,17,7,50,40008,-7.563936226578489,110.82872847744426
2025,High Growth,Pasar Kliwon,Kauman,23910,11299,70.25,3822234,101,36,200,31,37,9,9,3,6,65,5897,-7.566677269580594,110.8264068592764
2025,High Growth,Pasar Kliwon,Kampung Baru,29595,15113,65.49,5045163,132,22,213,17,58,12,1,4,7,91,47032,-7.566446634189623,110.8227416115499
2025,High Growth,Serengan,Serengan,20081,4918,73.43,7210887,49,67,225,2,22,9,7,7,6,71,17576,-7.564987497529809,110.82636780434161
2025,High Growth,Serengan,Tipes,29015,12243,77.26,4783431,48,30,247,13,13,14,12,9,3,55,20583,-7.576130327660908,110.81642718448994
2025,High Growth,Serengan,Jayengan,12124,16197,79.84,5178834,132,33,157,46,67,24,7,2,6,60,45243,-7.569678625426468,110.82375208773331
2025,High Growth,Serengan,Kratonan,25724,10568,70.74,7430907,50,39,141,17,21,5,14,14,8,71,29610,-7.5626211323880685,110.82572033202662
2025,High Growth,Serengan,Kemlayan,22852,18904,61.41,5720566,54,10,81,20,41,0,3,0,5,65,9683,-7.568312964538077,110.8206778633938
2025,High Growth,Serengan,Danukusuman,5525,6895,62.31,5835950,119,83,221,42,21,24,11,6,5,56,3155,-7.564393001969442,110.82623761717903
2025,High Growth,Serengan,Joyotakan,29866,10957,79.05,6102201,97,25,100,31,23,1,10,17,1,86,11891,-7.567251337734428,110.82028784302264
2025,Low Growth,Banjarsari,Kadipiro,6778,15112,72.91,5276193,77,79,240,17,10,12,1,12,7,64,18451,-7.543067090353111,110.82155854063272
2025,Low Growth,Banjarsari,Nusukan,21153,11118,73.99,6702332,74,73,248,4,65,1,7,0,7,87,41566,-7.543774890322292,110.81656842927163
2025,Low Growth,Banjarsari,Gilingan,24872,7225,75.36,6088352,86,96,186,33,45,8,7,6,3,81,44601,-7.552091778292001,110.82254742922893
2025,Low Growth,Banjarsari,Setabelan,8016,21000,66.7,6333164,33,61,35,38,14,6,10,1,4,70,8099,-7.571525180070969,110.82427960700134
2025,Low Growth,Banjarsari,Kestalan,28414,14313,79.35,4375717,189,60,221,11,60,15,9,14,1,95,44194,-7.5631492078021285,110.82054173883202
2025,Low Growth,Banjarsari,Keprabon,25665,11366,68.26,5457270,108,96,217,21,67,0,11,9,9,86,21906,-7.5715927830528775,110.82370202684896
2025,Low Growth,Banjarsari,Timuran,24277,8136,61.61,3833508,187,26,245,36,61,1,9,8,4,66,30968,-7.562612867642672,110.82576901686286
2025,Low Growth,Banjarsari,Ketelan,25288,5364,70.93,3869562,176,33,103,44,21,17,10,15,4,86,34324,-7.561984084566632,110.82161144366991
2025,Low Growth,Banjarsari,Punggawan,18172,7085,75.2,3848030,151,91,177,46,13,12,11,14,5,68,15259,-7.569805798906388,110.82122338957913
2025,Low Growth,Banjarsari,Mangkubumen,19634,4153,65.24,3499631,196,91,210,2,46,18,1,11,1,61,38040,-7.566719548010798,110.82490705398045
2025,Low Growth,Banjarsari,Banyuanyar,24849,9994,75.93,3679373,173,81,81,35,11,13,14,3,8,50,40472,-7.56946985824238,110.82149214271539
2025,Low Growth,Banjarsari,Sumber,20645,4143,69.01,5618266,176,15,173,19,47,13,7,0,9,94,18107,-7.571473987749106,110.82522536588337
2025,Low Growth,Banjarsari,Banjarsari,26753,9555,70.63,6245205,173,84,31,13,34,16,12,11,1,62,21045,-7.567639971134421,110.82485761528552
2025,Low Growth,Banjarsari,Joglo,7845,11067,68.58,5314081,187,75,230,22,27,16,14,15,2,69,2299,-7.5636779200179785,110.82210431069102
2025,Low Growth,Banjarsari,Manahan,26875,8994,69.85,4468238,59,75,129,13,20,18,2,11,6,62,45387,-7.56526432646295,110.82741509133382
2025,Low Growth,Banjarsari,Kepatihan Kulon,21401,4523,76.84,6569031,136,60,100,31,52,18,6,19,5,92,23884,-7.5647451923964555,110.82132532989343
2025,Low Growth,Banjarsari,Kepatihan Wetan,21932,15332,63.64,6107300,150,78,52,36,13,14,3,5,1,75,38268,-7.5678510210147945,110.82133394968535
2025,Low Growth,Jebres,Jebres,6097,12007,78.57,5976016,144,44,148,13,18,9,12,5,7,95,4240,-7.558395349791064,110.85075415288672
2025,Low Growth,Jebres,Mojosongo,11525,5936,62.43,5575126,134,10,41,38,8,9,13,1,5,71,41056,-7.5395230823856085,110.84292694630719
2025,Low Growth,Jebres,Pucangsawit,8104,6244,62.48,6236999,31,90,103,33,10,7,13,18,9,61,40752,-7.563364760494626,110.82920680606206
2025,Low Growth,Jebres,Jagalan,7476,5674,62.73,4898418,29,94,241,47,12,3,13,9,6,99,24508,-7.567963932089347,110.82230837766727
2025,Low Growth,Jebres,Sewu,13876,13521,61.39,5808859,39,97,116,6,13,0,10,5,6,93,13373,-7.561771938482292,110.82791028641877
2025,Low Growth,Jebres,Gandekan,23699,19734,60.82,6215746,153,26,80,49,42,23,3,9,8,57,9084,-7.567314368268933,110.82752492744854
2025,Low Growth,Jebres,Sudiroprajan,26429,14278,69.67,3884997,37,65,249,31,52,9,11,9,9,91,48647,-7.565554722884939,110.8284465938228
2025,Low Growth,Jebres,Tegalharjo,18828,8938,75.84,6157019,76,61,155,22,35,6,8,0,5,51,13817,-7.561867732957775,110.82651569738842
2025,Low Growth,Jebres,Purwodiningratan,28114,8497,66.65,6357791,107,81,154,29,48,20,10,19,1,60,16577,-7.561916600266142,110.82105844627183
2025,Low Growth,Jebres,Kepatihan,24323,4942,65.69,3568434,108,77,71,18,23,22,11,15,1,61,22271,-7.564904588089812,110.8193877762623
2025,Low Growth,Laweyan,Laweyan,5478,17304,69.71,5835321,76,14,183,29,58,12,3,2,8,61,28594,-7.570312400547793,110.82655790598537
2025,Low Growth,Laweyan,Pajang,22244,14828,77.21,6829683,21,16,55,25,20,22,8,8,5,62,6636,-7.570263367975371,110.78299746427095
2025,Low Growth,Laweyan,Sondekan,16393,6892,65.43,5513596,129,59,172,41,11,7,12,2,4,70,28200,-7.5660338562409475,110.81941853862396
2025,Low Growth,Laweyan,Karangasem,27207,15196,60.81,5505304,104,49,234,22,20,3,8,15,5,91,33152,-7.569624500404059,110.82741120373431
2025,Low Growth,Laweyan,Jajar,19399,5007,60.75,5635088,28,21,98,27,60,2,5,1,2,62,32334,-7.570452701793854,110.8269241840145
2025,Low Growth,Laweyan,Kerten,23760,6637,61.98,6907285,185,77,210,32,60,8,8,4,3,59,47762,-7.565217881970612,110.82000011965194
2025,Low Growth,Laweyan,Penumping,11381,12412,67.74,4462264,70,19,169,3,22,15,8,3,9,72,20403,-7.571448576928513,110.82412990952263
2025,Low Growth,Laweyan,Sriwedari,8576,20956,77.01,3807454,190,44,92,33,8,8,13,17,4,54,20177,-7.564747468772457,110.81972221448636
2025,Low Growth,Laweyan,Purwosari,28373,20634,61.15,6245107,182,55,199,38,53,5,7,3,1,58,1835,-7.562241951676636,110.79931417367985
2025,Low Growth,Laweyan,Bumi,23362,15824,73.83,5652277,145,40,140,39,52,18,11,1,7,73,22168,-7.56450146919205,110.82113531493532
2025,Low Growth,Laweyan,Panularan,11477,9580,77.29,3622987,177,45,224,21,53,11,7,3,7,69,44158,-7.571580363685137,110.81949544548942
2025,Low Growth,Pasar Kliwon,Pasar Kliwon,27856,19504,69.39,4857090,96,28,187,44,22,13,14,3,4,69,16155,-7.565516055313081,110.82117782537935
2025,Low Growth,Pasar Kliwon,Gajahan,13051,19366,60.19,4452808,136,77,63,1,59,9,10,8,7,54,45921,-7.568913079317789,110.82684356253196
2025,Low Growth,Pasar Kliwon,Mojo,27585,12154,79.67,6373094,198,30,165,0,34,20,1,8,1,54,36897,-7.564789969281344,110.86041541543452
2025,Low Growth,Pasar Kliwon,Joyosuran,19791,6526,68.29,4805154,59,47,200,18,54,0,13,13,8,82,40132,-7.580217824530552,110.83181358288695
2025,Low Growth,Pasar Kliwon,Semanggi,8522,7875,69.54,5096894,29,15,86,0,62,20,12,15,8,95,10174,-7.586106317691126,110.83713450591303
2025,Low Growth,Pasar Kliwon,Sangkrah,8341,14725,65.57,6328119,175,14,149,20,22,14,6,18,1,50,48340,-7.578442140670475,110.8360417546351
2025,Low Growth,Pasar Kliwon,Kedung Lumbu,22520,11394,61.65,4643134,86,34,156,44,59,19,4,11,2,70,25502,-7.565562242911129,110.81945531435647
2025,Low Growth,Pasar Kliwon,Baluwarti,27156,9490,65.17,4863462,106,82,110,1,23,18,8,6,6,91,31761,-7.564458987375165,110.82424856554628
2025,Low Growth,Pasar Kliwon,Kauman,21437,6376,60.28,5285929,194,11,92,35,23,16,5,6,2,56,6670,-7.5629094871924645,110.82713130596872
2025,Low Growth,Pasar Kliwon,Kampung Baru,28749,16716,61.11,4727104,172,78,187,11,33,8,4,18,8,63,22560,-7.567992785597834,110.82684838905566
2025,Low Growth,Serengan,Serengan,21840,17521,67.42,3515425,107,84,128,22,5,14,12,8,8,84,37160,-7.562162469720387,110.82543084743376
2025,Low Growth,Serengan,Tipes,23866,18444,70.09,6641272,66,68,125,38,22,15,14,17,7,98,34756,-7.582029411365245,110.80767628304736
2025,Low Growth,Serengan,Jayengan,6423,20198,67.78,4479573,57,68,166,8,55,2,2,4,4,88,37307,-7.568303995770996,110.82720922430028
2025,Low Growth,Serengan,Kratonan,19507,10378,63.46,4902119,178,32,77,19,42,22,4,14,8,74,15336,-7.567125614751496,110.82878287745851
2025,Low Growth,Serengan,Kemlayan,26873,18953,66.41,3722402,197,51,131,11,22,1,10,14,1,53,11566,-7.562969779481954,110.823738217883
2025,Low Growth,Serengan,Danukusuman,5253,21886,77.0,6661878,138,43,227,49,49,18,14,1,6,99,12620,-7.567590135367767,110.82031238708889
2025,Low Growth,Serengan,Joyotakan,13018,15826,61.45,3876247,95,57,174,6,17,23,2,3,7,73,38939,-7.569608338054441,110.82774407406207
2026,Normal,Banjarsari,Kadipiro,22265,20708,74.45,6271318,156,86,240,20,28,5,4,2,3,53,24544,-7.536901912351095,110.81995242545852
2026,Normal,Banjarsari,Nusukan,6028,19138,65.34,5976726,127,98,69,12,50,13,13,5,1,85,34122,-7.5534897465257,110.82543413600213
2026,Normal,Banjarsari,Gilingan,24651,6817,60.2,5500950,199,75,81,27,47,21,11,2,3,61,15419,-7.554292012207398,110.82540095368775
2026,Normal,Banjarsari,Setabelan,17822,14932,71.38,6221479,32,83,126,39,49,2,3,4,7,59,37713,-7.561918925173134,110.82913275085636
2026,Normal,Banjarsari,Kestalan,28216,11746,61.02,4589377,94,80,95,5,45,19,9,1,2,65,40307,-7.561628146215141,110.82451763177407
2026,Normal,Banjarsari,Keprabon,24335,18730,63.27,3761711,170,79,195,1,41,16,4,0,6,99,24790,-7.568477312426433,110.82072148437398
2026,Normal,Banjarsari,Timuran,8302,13589,61.63,5035497,83,19,108,41,52,11,2,0,6,87,33930,-7.57112891047847,110.82587398784858
2026,Normal,Banjarsari,Ketelan,13543,18849,70.56,4504163,188,89,88,4,57,6,13,19,8,76,37701,-7.566561993146016,110.8266280318284
2026,Normal,Banjarsari,Punggawan,8888,4922,64.4,5644775,26,51,76,37,57,14,10,15,3,58,25127,-7.562183730247109,110.8246617220249
2026,Normal,Banjarsari,Mangkubumen,31719,8732,63.41,7283460,58,13,155,2,68,19,11,0,6,60,12232,-7.562610064299892,110.82574237673379
2026,Normal,Banjarsari,Banyuanyar,30848,21509,79.51,7381736,110,45,232,46,69,2,3,6,1,74,40978,-7.5676404791983725,110.82475140660107
2026,Normal,Banjarsari,Sumber,30779,5986,64.25,5872827,149,91,155,43,68,9,5,8,2,83,2211,-7.565826662095924,110.82435942058893
2026,Normal,Banjarsari,Banjarsari,5542,18345,65.5,6401244,183,94,78,46,53,2,10,4,5,94,45377,-7.568096720282301,110.82813003425095
2026,Normal,Banjarsari,Joglo,30507,6283,61.14,5032335,24,24,152,15,5,15,5,2,4,96,38726,-7.571021115302766,110.81931899583995
2026,Normal,Banjarsari,Manahan,5855,12399,69.19,7331968,168,75,211,26,42,5,14,10,8,57,13916,-7.568957041699408,110.82447972480315
2026,Normal,Banjarsari,Kepatihan Kulon,21377,12391,78.22,5149857,104,73,49,7,62,13,2,15,9,64,49733,-7.567020361668512,110.82303608859853
2026,Normal,Banjarsari,Kepatihan Wetan,11432,16067,63.76,4571170,137,46,115,6,27,8,8,15,6,77,40343,-7.568044822161416,110.82782655602631
2026,Normal,Jebres,Jebres,10359,14464,70.83,6918728,110,97,234,25,33,18,1,10,8,72,26820,-7.565555564004005,110.85048897442127
2026,Normal,Jebres,Mojosongo,12398,13257,67.05,7369703,46,67,75,1,29,8,5,0,7,59,12689,-7.539592701390401,110.83946079080485
2026,Normal,Jebres,Pucangsawit,23670,17436,76.26,6111697,144,67,99,1,62,17,7,1,6,86,28027,-7.571413154086521,110.82028414062555
2026,Normal,Jebres,Jagalan,27575,21619,72.81,3720157,148,12,75,10,68,11,13,12,1,73,6577,-7.571599789764114,110.8239120194879
2026,Normal,Jebres,Sewu,26502,10683,64.45,5986734,35,68,238,14,20,14,9,1,1,64,18706,-7.565771198610473,110.82562206522626
2026,Normal,Jebres,Gandekan,28980,21482,65.84,4612511,122,50,207,22,63,6,3,11,7,98,12801,-7.565652014583153,110.82520011305365
2026,Normal,Jebres,Sudiroprajan,25007,11169,78.14,3866488,179,13,49,49,40,12,1,2,6,85,35808,-7.562548915520868,110.82343378248251
2026,Normal,Jebres,Tegalharjo,27473,5849,70.27,4476006,88,60,51,23,57,3,4,3,4,67,38777,-7.569941440908704,110.82200177000777
2026,Normal,Jebres,Purwodiningratan,7539,17923,73.65,5378342,122,56,68,28,58,20,1,15,3,58,40390,-7.570409285397951,110.82103642495797
2026,Normal,Jebres,Kepatihan,11758,4237,69.34,6124124,116,67,132,46,55,19,2,18,9,68,47202,-7.568991502325733,110.82135374350251
2026,Normal,Laweyan,Laweyan,13139,20924,68.6,6900736,31,14,110,41,36,9,11,16,5,94,21104,-7.566331964291241,110.82891616916963
2026,Normal,Laweyan,Pajang,9611,13244,72.66,6829165,172,24,163,41,33,14,13,3,2,99,39328,-7.574215916642725,110.78928129390282
2026,Normal,Laweyan,Sondekan,9556,4719,78.71,7069618,150,71,135,37,49,9,2,19,9,87,16043,-7.5656040886689135,110.82069030100479
2026,Normal,Laweyan,Karangasem,14922,7936,79.31,7126368,56,17,73,33,9,21,5,12,9,91,10247,-7.565630348026772,110.8239171775339
2026,Normal,Laweyan,Jajar,30570,20925,64.26,6418848,48,12,247,29,13,1,14,2,4,74,45722,-7.571305240303863,110.82921446658932
2026,Normal,Laweyan,Kerten,23900,14550,61.09,3886555,149,70,70,43,68,11,2,17,5,91,48915,-7.562329442445335,110.82011251048782
2026,Normal,Laweyan,Penumping,24101,7895,63.48,5655921,181,39,100,5,59,2,13,2,9,73,18194,-7.561901944863937,110.82816704011401
2026,Normal,Laweyan,Sriwedari,12551,14955,68.22,5515951,30,99,175,20,56,13,12,17,8,83,22304,-7.564553113051642,110.82461777538018
2026,Normal,Laweyan,Purwosari,8401,11282,77.03,7176157,44,28,34,10,31,7,10,18,2,91,44420,-7.5646594475416125,110.79956641052615
2026,Normal,Laweyan,Bumi,18501,11968,68.85,5194537,116,25,52,6,30,11,8,4,5,54,8856,-7.569120475009615,110.82523466583316
2026,Normal,Laweyan,Panularan,11025,7022,77.34,5931375,180,32,126,42,22,17,5,15,7,82,21121,-7.565212087696301,110.82882477489768
2026,Normal,Pasar Kliwon,Pasar Kliwon,23464,5392,77.38,5631675,69,47,135,23,22,8,8,9,1,78,20641,-7.564227413001028,110.8198206910161
2026,Normal,Pasar Kliwon,Gajahan,11885,18485,69.26,6760032,45,48,169,34,18,21,3,15,7,89,42905,-7.564753368906839,110.82064867149663
2026,Normal,Pasar Kliwon,Mojo,23303,5524,66.05,6884594,28,88,81,1,29,12,2,18,2,84,19562,-7.555487519656111,110.85801161763288
2026,Normal,Pasar Kliwon,Joyosuran,16823,15077,67.18,6774665,166,76,239,38,9,2,11,3,5,50,16450,-7.589606055015499,110.82928269411318
2026,Normal,Pasar Kliwon,Semanggi,9195,9643,61.57,4810159,149,46,202,15,52,23,3,3,7,95,1028,-7.591992497069358,110.84043980359874
2026,Normal,Pasar Kliwon,Sangkrah,21020,14894,68.22,3867377,61,52,237,9,53,18,2,1,6,80,2906,-7.577661527444253,110.84070861973677
2026,Normal,Pasar Kliwon,Kedung Lumbu,13142,16031,72.33,4274183,84,62,96,25,22,8,6,0,5,76,41297,-7.566457775590278,110.82261983338852
2026,Normal,Pasar Kliwon,Baluwarti,27409,7071,60.74,4678421,47,54,46,39,7,11,7,11,2,95,20157,-7.570352909613109,110.82005354193853
2026,Normal,Pasar Kliwon,Kauman,7697,14308,65.78,6092707,30,78,128,26,35,0,7,13,5,77,9123,-7.56793998352267,110.82399566221176
2026,Normal,Pasar Kliwon,Kampung Baru,14015,17654,65.16,6792117,124,36,31,38,25,4,4,12,5,78,30715,-7.571168893214156,110.81950712018045
2026,Normal,Serengan,Serengan,30534,8133,73.35,7182657,44,11,150,31,30,5,9,2,1,50,34586,-7.569655952726343,110.82213873492647
2026,Normal,Serengan,Tipes,10460,16171,72.16,5186211,76,44,105,29,9,1,6,6,9,96,14237,-7.582848473201973,110.80895910570116
2026,Normal,Serengan,Jayengan,25247,14707,70.04,4769248,123,42,229,23,54,19,12,15,2,61,24244,-7.5672999488566886,110.82122169571618
2026,Normal,Serengan,Kratonan,31193,13133,78.35,6566853,131,56,201,8,54,12,12,17,4,98,48934,-7.56589668098062,110.82378309407905
2026,Normal,Serengan,Kemlayan,13241,19567,74.27,5216816,43,91,78,17,11,3,10,4,7,65,28874,-7.570506132828795,110.82016416490364
2026,Normal,Serengan,Danukusuman,15067,15926,77.06,7225156,98,58,62,24,25,16,7,10,1,63,5700,-7.565360362606952,110.82322674941751
2026,Normal,Serengan,Joyotakan,16988,11860,69.86,5583635,96,91,180,45,37,6,8,17,9,82,2951,-7.563298386393271,110.82895094340077
2026,High Growth,Banjarsari,Kadipiro,16878,13746,64.77,6318545,139,43,113,24,15,15,10,16,7,65,25290,-7.5379702957064785,110.82821729322798
2026,High Growth,Banjarsari,Nusukan,20373,5447,61.64,5438686,54,30,207,42,21,8,6,19,9,51,35440,-7.553146653288357,110.81955465766346
2026,High Growth,Banjarsari,Gilingan,10609,19269,68.38,6964526,122,64,30,36,49,1,13,13,6,56,24341,-7.5538815423125065,110.82123939409422
2026,High Growth,Banjarsari,Setabelan,24652,20343,63.78,4026131,48,26,171,39,40,15,8,12,6,76,35840,-7.570383858158862,110.82640011674324
2026,High Growth,Banjarsari,Kestalan,32476,9959,65.3,5194608,125,95,240,29,57,2,11,10,1,97,10190,-7.565537001690127,110.82451131863476
2026,High Growth,Banjarsari,Keprabon,29459,20779,71.76,5149848,190,46,236,28,30,11,2,19,4,53,48921,-7.570691045187722,110.82831114079929
2026,High Growth,Banjarsari,Timuran,27403,4058,76.04,7163933,94,37,223,7,33,10,5,17,7,99,21365,-7.569567823381563,110.82687834269709
2026,High Growth,Banjarsari,Ketelan,12533,13096,78.92,5356264,127,85,96,38,60,10,7,9,3,97,18493,-7.565846251214472,110.82906284911817
2026,High Growth,Banjarsari,Punggawan,20545,12563,66.02,6233827,69,32,170,4,8,13,8,8,9,84,13388,-7.566569879908969,110.82412708827582
2026,High Growth,Banjarsari,Mangkubumen,21112,12434,65.59,4332971,100,52,124,33,10,21,14,2,4,61,35625,-7.571256298030351,110.82575298932723
2026,High Growth,Banjarsari,Banyuanyar,6420,6972,64.2,5811798,154,37,171,43,34,16,14,5,3,73,28909,-7.569199764710564,110.82010955344502
2026,High Growth,Banjarsari,Sumber,13856,15095,73.95,4473139,43,43,197,46,28,0,2,11,9,92,45007,-7.5708578834716835,110.82030370107888
2026,High Growth,Banjarsari,Banjarsari,17383,14196,78.4,5289018,182,51,57,17,28,7,10,12,5,57,8642,-7.564510776632901,110.82386157757837
2026,High Growth,Banjarsari,Joglo,21631,4992,76.06,5707931,49,81,132,46,30,24,5,1,7,89,32933,-7.56643257748824,110.81976796835113
2026,High Growth,Banjarsari,Manahan,21349,13677,63.53,5503022,151,91,137,47,29,6,6,4,3,93,47057,-7.568165094300072,110.82418625580807
2026,High Growth,Banjarsari,Kepatihan Kulon,19518,13810,72.88,5671049,158,76,244,6,27,6,14,1,3,58,43098,-7.564396981438841,110.81937131234103
2026,High Growth,Banjarsari,Kepatihan Wetan,24033,8911,63.75,5127573,44,87,137,24,23,6,7,14,8,59,2214,-7.569628486026548,110.82511625016679
2026,High Growth,Jebres,Jebres,28718,4212,73.46,4240817,180,19,112,29,26,2,5,8,2,60,30441,-7.55997217326544,110.85608108470029
2026,High Growth,Jebres,Mojosongo,22316,15882,66.82,5212727,142,11,230,46,6,0,10,1,7,57,23372,-7.541658802425835,110.8375138678854
2026,High Growth,Jebres,Pucangsawit,23503,21643,70.82,5370780,166,36,30,42,37,7,5,16,8,91,25161,-7.56852920866997,110.82828845170705
2026,High Growth,Jebres,Jagalan,28510,5777,79.03,4887466,73,93,54,2,66,22,14,1,6,60,9998,-7.563322410693535,110.82734993418353
2026,High Growth,Jebres,Sewu,8594,21709,67.65,6599520,73,46,248,27,44,1,12,16,1,96,39765,-7.567138463542358,110.82285636753598
2026,High Growth,Jebres,Gandekan,26421,19368,66.84,4126536,132,86,178,20,14,5,8,18,9,62,17448,-7.563726393293945,110.82261758944334
2026,High Growth,Jebres,Sudiroprajan,16128,15785,73.37,4128918,158,21,167,24,53,16,9,10,6,85,37390,-7.5628414687510235,110.82475076665712
2026,High Growth,Jebres,Tegalharjo,17019,21207,63.36,6990616,75,13,59,11,39,12,4,5,7,53,33563,-7.562589635955709,110.82161234863044
2026,High Growth,Jebres,Purwodiningratan,20469,4021,68.28,4081992,77,73,132,11,11,22,7,9,8,58,13641,-7.569728994077256,110.82784417636304
2026,High Growth,Jebres,Kepatihan,15800,16726,64.18,6992467,108,33,201,16,6,12,13,17,8,64,18952,-7.565808738462512,110.82170287813598
2026,High Growth,Laweyan,Laweyan,18407,17334,78.71,4933034,131,23,120,24,35,4,10,10,6,54,49780,-7.561957788041753,110.82435047154945
2026,High Growth,Laweyan,Pajang,6307,9976,72.91,7327504,66,80,195,31,66,12,7,4,7,99,9789,-7.571509974424296,110.78799479897097
2026,High Growth,Laweyan,Sondekan,6000,21459,75.0,6666086,100,51,233,47,31,15,8,9,1,78,39931,-7.56317824893681,110.82224455719165
2026,High Growth,Laweyan,Karangasem,31225,21615,77.77,4813128,155,47,67,28,35,11,12,11,7,66,23606,-7.567813562835213,110.82837409913479
2026,High Growth,Laweyan,Jajar,16861,8491,75.5,4755607,122,27,236,31,10,11,11,19,3,83,27853,-7.562639403159587,110.82252428500239
2026,High Growth,Laweyan,Kerten,14672,21725,74.6,6398509,163,17,118,31,35,10,10,11,5,77,34349,-7.568709742765579,110.82726891737437
2026,High Growth,Laweyan,Penumping,21514,18984,79.09,7454560,65,31,221,7,24,18,14,6,5,99,9353,-7.567519320806086,110.82298728684387
2026,High Growth,Laweyan,Sriwedari,23027,18496,61.27,5356456,73,53,63,49,66,22,14,6,6,74,11940,-7.565913984713216,110.81968418305279
2026,High Growth,Laweyan,Purwosari,18095,11280,65.3,4214518,127,39,46,9,22,12,12,16,4,72,6791,-7.561431087817581,110.80197482089991
2026,High Growth,Laweyan,Bumi,32785,21221,79.38,4176836,194,43,130,16,58,11,5,7,3,52,44601,-7.566063573237715,110.82630671039914
2026,High Growth,Laweyan,Panularan,17162,14542,63.9,6309964,165,61,205,42,43,16,1,11,7,95,20254,-7.568529838725946,110.82444079964556
2026,High Growth,Pasar Kliwon,Pasar Kliwon,18244,15939,68.87,3909229,135,33,84,24,11,9,1,6,1,56,23538,-7.563786513104064,110.82278130749445
2026,High Growth,Pasar Kliwon,Gajahan,9349,8542,65.74,7632627,160,32,112,41,43,23,1,11,2,56,45874,-7.570440281280888,110.82246993952204
2026,High Growth,Pasar Kliwon,Mojo,18847,11869,76.91,4769619,149,24,86,10,38,6,4,10,2,65,43406,-7.558953117852155,110.86452997165611
2026,High Growth,Pasar Kliwon,Joyosuran,14197,15856,74.6,6401481,143,28,228,37,12,12,5,1,9,60,45997,-7.583376557371047,110.83059800225811
2026,High Growth,Pasar Kliwon,Semanggi,24437,17894,78.51,7295858,89,38,136,38,23,3,10,5,1,86,40709,-7.584136429374531,110.8414887930986
2026,High Growth,Pasar Kliwon,Sangkrah,20550,9246,73.44,4246210,25,27,39,27,15,0,1,12,5,69,9128,-7.573598016549784,110.8388883287815
2026,High Growth,Pasar Kliwon,Kedung Lumbu,24996,12168,74.26,5156539,164,64,139,28,40,4,10,16,6,74,6622,-7.564675137556712,110.82457811335715
2026,High Growth,Pasar Kliwon,Baluwarti,25889,5699,76.37,6498464,168,86,147,36,30,22,7,19,1,63,18463,-7.5649593164648445,110.82351984762572
2026,High Growth,Pasar Kliwon,Kauman,14935,5069,74.14,4386519,35,93,186,27,12,23,3,18,1,51,2102,-7.563363721993032,110.82385252251511
2026,High Growth,Pasar Kliwon,Kampung Baru,6229,16241,68.75,7156922,132,22,62,4,31,24,14,2,3,98,27205,-7.566743991848774,110.82823259420782
2026,High Growth,Serengan,Serengan,29140,14251,65.04,5398153,190,26,69,48,61,22,4,10,9,83,13489,-7.568070616118772,110.8209085780104
2026,High Growth,Serengan,Tipes,7070,10597,77.99,4654951,62,32,184,44,41,5,1,5,2,71,22352,-7.580206050930624,110.80780817495938
2026,High Growth,Serengan,Jayengan,9650,11292,68.45,5458784,70,97,205,37,69,13,4,11,6,60,37009,-7.57043478900677,110.82108697948716
2026,High Growth,Serengan,Kratonan,8967,9574,68.24,5373178,71,40,62,12,22,8,10,8,7,90,13041,-7.567773801948593,110.82717458938879
2026,High Growth,Serengan,Kemlayan,31416,20654,75.88,6269774,178,79,96,10,19,12,4,9,6,96,47136,-7.569767893662226,110.82620856792714
2026,High Growth,Serengan,Danukusuman,16446,16881,66.41,5220968,107,11,133,19,47,6,6,9,5,60,43048,-7.562796749607425,110.82844045369045
2026,High Growth,Serengan,Joyotakan,19563,6514,66.93,6774829,167,70,244,20,16,21,4,17,1,79,1864,-7.56357464439742,110.82285094680456
2026,Low Growth,Banjarsari,Kadipiro,17174,15716,60.83,3892897,114,64,234,15,28,12,8,1,6,95,12760,-7.53785842120111,110.82780073116821
2026,Low Growth,Banjarsari,Nusukan,20061,5564,73.88,4152402,73,48,71,27,33,10,3,19,3,50,1055,-7.543639935052258,110.82199088697324
2026,Low Growth,Banjarsari,Gilingan,24880,4105,65.89,4669733,177,80,81,26,13,21,2,13,1,50,24112,-7.558315642790044,110.82716018510006
2026,Low Growth,Banjarsari,Setabelan,10758,20940,61.97,5253722,124,31,175,11,47,6,9,5,3,97,30309,-7.567671282711597,110.81982926804716
2026,Low Growth,Banjarsari,Kestalan,11461,4783,75.45,4674258,56,92,194,16,68,21,14,7,1,51,46853,-7.568388036122841,110.82751684183218
2026,Low Growth,Banjarsari,Keprabon,21773,10843,64.47,6328780,171,13,66,3,22,23,2,15,1,68,48078,-7.570345530200895,110.82771133783842
2026,Low Growth,Banjarsari,Timuran,29392,21216,77.64,3819809,156,69,140,14,61,4,9,8,7,56,5663,-7.567703065893251,110.8253769830908
2026,Low Growth,Banjarsari,Ketelan,12146,15880,63.55,3528861,181,72,38,48,55,5,5,1,9,78,21493,-7.568582528949212,110.82547904032968
2026,Low Growth,Banjarsari,Punggawan,23760,18158,65.29,5168943,55,57,114,27,66,15,6,11,3,89,48845,-7.570463296359917,110.8234402510863
2026,Low Growth,Banjarsari,Mangkubumen,9587,9660,66.25,5142503,29,48,239,0,43,20,1,14,4,69,28785,-7.563162468984782,110.82161741307512
2026,Low Growth,Banjarsari,Banyuanyar,20846,10523,77.24,4574333,52,70,39,19,69,12,1,4,1,77,11974,-7.5713453423278745,110.82622260985677
2026,Low Growth,Banjarsari,Sumber,18977,20016,70.54,5015036,160,23,168,27,46,2,13,16,9,59,15855,-7.563103183536651,110.82761011357945
2026,Low Growth,Banjarsari,Banjarsari,14206,10458,63.59,5203962,49,26,232,19,52,8,2,4,1,53,40267,-7.569922017897105,110.82869789764746
2026,Low Growth,Banjarsari,Joglo,10244,15650,74.2,4399825,53,52,103,29,26,5,2,1,2,81,26705,-7.566868694076448,110.82011589290505
2026,Low Growth,Banjarsari,Manahan,15076,18855,78.7,5276761,88,28,195,10,47,19,4,17,9,99,3889,-7.568837473742121,110.82875551970702
2026,Low Growth,Banjarsari,Kepatihan Kulon,14670,14141,78.19,5460156,134,40,71,3,65,5,14,3,7,66,19706,-7.564105762293697,110.82043208379791
2026,Low Growth,Banjarsari,Kepatihan Wetan,15858,18142,70.16,6991098,177,34,133,10,30,23,6,18,9,85,19454,-7.569040855590394,110.8224995897612
2026,Low Growth,Jebres,Jebres,18486,17016,63.59,4653125,163,82,185,12,39,8,13,1,8,90,14541,-7.558475441403116,110.85031101160426
2026,Low Growth,Jebres,Mojosongo,24722,19015,74.08,4731922,184,74,103,3,14,14,11,13,6,61,16916,-7.541367327368128,110.83987034719658
2026,Low Growth,Jebres,Pucangsawit,20389,13546,69.21,5396748,48,27,49,46,18,1,1,7,2,79,28928,-7.56744525362777,110.82736180185326
2026,Low Growth,Jebres,Jagalan,17342,6759,60.76,5050646,22,76,115,16,21,13,3,8,5,61,41612,-7.5709099788447,110.82577587673569
2026,Low Growth,Jebres,Sewu,27687,13491,64.31,5121918,194,84,209,7,8,11,8,5,5,69,40419,-7.570814762855419,110.82616975826387
2026,Low Growth,Jebres,Gandekan,28561,7144,67.64,6121635,92,86,77,25,43,18,8,18,1,62,12340,-7.566407040726165,110.82381923654204
2026,Low Growth,Jebres,Sudiroprajan,5280,11737,71.86,5052043,161,93,172,31,37,16,8,12,2,66,14535,-7.563576303253305,110.8212879766203
2026,Low Growth,Jebres,Tegalharjo,13326,9122,69.36,5613911,103,25,107,15,63,20,1,10,1,82,19205,-7.569184548503833,110.82054876186464
2026,Low Growth,Jebres,Purwodiningratan,16711,9374,68.44,5724511,42,87,123,32,49,14,7,14,4,91,9749,-7.570837474680357,110.82396369709396
2026,Low Growth,Jebres,Kepatihan,22481,21323,68.72,4633963,71,63,117,18,26,19,1,7,9,95,15408,-7.568603163436437,110.82347982977669
2026,Low Growth,Laweyan,Laweyan,27560,21540,68.59,5573775,108,17,45,47,65,14,1,2,6,63,47371,-7.567864450534959,110.82483685223232
2026,Low Growth,Laweyan,Pajang,15041,10722,74.12,4364368,130,74,248,26,9,6,3,14,3,96,16222,-7.577087527608817,110.78108430374914
2026,Low Growth,Laweyan,Sondekan,17484,15795,64.97,4006213,92,50,196,25,6,22,7,15,9,62,12162,-7.5664338461195015,110.82276355651953
2026,Low Growth,Laweyan,Karangasem,27513,11219,64.56,6238339,119,74,175,8,17,7,7,12,4,82,29067,-7.56942197912361,110.82546223860628
2026,Low Growth,Laweyan,Jajar,27448,7688,65.69,6522748,167,84,169,17,67,19,9,11,5,74,22514,-7.566593659432985,110.82346368183931
2026,Low Growth,Laweyan,Kerten,27010,10449,78.65,5297794,108,58,43,0,29,7,5,4,9,84,25722,-7.563198235716917,110.82261467800835
2026,Low Growth,Laweyan,Penumping,12533,8725,69.27,4964534,163,42,159,13,5,24,10,14,8,96,22686,-7.568139698177409,110.82920730772908
2026,Low Growth,Laweyan,Sriwedari,16778,21690,78.49,4035784,91,32,97,13,67,20,10,0,4,81,33624,-7.569556361151639,110.8269336628979
2026,Low Growth,Laweyan,Purwosari,15694,19462,66.71,3586192,179,88,42,1,23,23,13,10,6,64,41232,-7.563780489866143,110.80376188683937
2026,Low Growth,Laweyan,Bumi,19884,11195,69.05,4022484,114,53,167,36,51,5,7,16,6,89,38067,-7.567560989708832,110.82773839823564
2026,Low Growth,Laweyan,Panularan,22513,9494,72.27,3696619,39,88,60,6,62,8,10,9,7,77,38412,-7.568162485041143,110.82688851162959
2026,Low Growth,Pasar Kliwon,Pasar Kliwon,20105,8394,63.83,6142702,71,65,105,3,13,6,10,12,8,93,37821,-7.56222715646894,110.82773643884636
2026,Low Growth,Pasar Kliwon,Gajahan,18877,5245,75.31,5263267,41,66,91,49,34,6,7,9,9,94,35568,-7.562286891575925,110.8230147056991
2026,Low Growth,Pasar Kliwon,Mojo,19243,13096,62.53,3992462,150,44,50,30,56,1,9,2,8,81,18157,-7.563256105616598,110.85601498671863
2026,Low Growth,Pasar Kliwon,Joyosuran,17921,19316,72.36,6366765,199,92,185,30,68,14,14,18,6,58,24396,-7.58234714033209,110.82785395328878
2026,Low Growth,Pasar Kliwon,Semanggi,17879,15173,68.22,5241234,111,60,102,31,57,23,11,5,8,62,44306,-7.586314665588003,110.84453439139288
2026,Low Growth,Pasar Kliwon,Sangkrah,5184,11378,62.02,6562024,192,37,149,17,33,16,4,11,4,59,12672,-7.570756736907002,110.84021653852712
2026,Low Growth,Pasar Kliwon,Kedung Lumbu,26655,7182,63.52,6393533,108,58,227,25,31,24,2,0,7,52,23211,-7.567522586282999,110.82483178009805
2026,Low Growth,Pasar Kliwon,Baluwarti,20152,13735,65.3,5825859,102,65,204,25,14,5,14,16,9,68,5893,-7.564136443471816,110.82809897109013
2026,Low Growth,Pasar Kliwon,Kauman,14577,8382,68.41,7039612,42,57,138,39,10,5,9,3,5,66,27867,-7.561691866572184,110.82023625787701
2026,Low Growth,Pasar Kliwon,Kampung Baru,17737,4760,79.47,4152443,32,20,153,44,28,8,10,3,1,95,16863,-7.565572810929489,110.82477160156128
2026,Low Growth,Serengan,Serengan,17683,14447,61.46,3788005,122,19,102,30,32,24,3,13,9,64,14313,-7.569835406525845,110.819565615614
2026,Low Growth,Serengan,Tipes,6604,19167,60.45,4631665,119,33,184,36,43,14,10,0,8,53,10372,-7.576468062928747,110.8135354388439
2026,Low Growth,Serengan,Jayengan,29517,19082,65.31,4726584,158,83,216,16,40,23,10,15,5,62,41200,-7.562406778700343,110.82663338738321
2026,Low Growth,Serengan,Kratonan,29921,8725,68.18,6051322,75,40,243,36,51,17,4,13,5,85,36103,-7.567260249067175,110.8260403267182
2026,Low Growth,Serengan,Kemlayan,9386,4559,61.43,5424855,100,39,178,12,5,0,1,5,9,75,42420,-7.569664619479633,110.82040742015873
2026,Low Growth,Serengan,Danukusuman,21076,5832,70.08,4150381,196,57,101,48,51,23,1,11,5,73,27623,-7.568532254954901,110.82327935397724
2026,Low Growth,Serengan,Joyotakan,26565,4256,63.21,6384533,150,58,176,42,33,17,2,8,8,66,15267,-7.564529380737,110.82626756433093
